area,time_start,time_end,date,hour,price,currency,unit
SE1,2026-02-01 00:00:00+01:00,2026-02-01 00:15:00+01:00,2026-02-01,0.0,0.47039,SEK,SEK/kWh
SE1,2026-02-01 00:15:00+01:00,2026-02-01 00:30:00+01:00,2026-02-01,0.0,0.46753,SEK,SEK/kWh
SE1,2026-02-01 00:30:00+01:00,2026-02-01 00:45:00+01:00,2026-02-01,0.0,0.4669,SEK,SEK/kWh
SE1,2026-02-01 00:45:00+01:00,2026-02-01 01:00:00+01:00,2026-02-01,0.0,0.46394,SEK,SEK/kWh
SE1,2026-02-01 01:00:00+01:00,2026-02-01 01:15:00+01:00,2026-02-01,1.0,0.47113,SEK,SEK/kWh
SE1,2026-02-01 01:15:00+01:00,2026-02-01 01:30:00+01:00,2026-02-01,1.0,0.47103,SEK,SEK/kWh
SE1,2026-02-01 01:30:00+01:00,2026-02-01 01:45:00+01:00,2026-02-01,1.0,0.46997,SEK,SEK/kWh
SE1,2026-02-01 01:45:00+01:00,2026-02-01 02:00:00+01:00,2026-02-01,1.0,0.46796,SEK,SEK/kWh
SE1,2026-02-01 02:00:00+01:00,2026-02-01 02:15:00+01:00,2026-02-01,2.0,0.47896,SEK,SEK/kWh
SE1,2026-02-01 02:15:00+01:00,2026-02-01 02:30:00+01:00,2026-02-01,2.0,0.47579,SEK,SEK/kWh
SE1,2026-02-01 02:30:00+01:00,2026-02-01 02:45:00+01:00,2026-02-01,2.0,0.47843,SEK,SEK/kWh
SE1,2026-02-01 02:45:00+01:00,2026-02-01 03:00:00+01:00,2026-02-01,2.0,0.47304,SEK,SEK/kWh
SE1,2026-02-01 03:00:00+01:00,2026-02-01 03:15:00+01:00,2026-02-01,3.0,0.47505,SEK,SEK/kWh
SE1,2026-02-01 03:15:00+01:00,2026-02-01 03:30:00+01:00,2026-02-01,3.0,0.47547,SEK,SEK/kWh
SE1,2026-02-01 03:30:00+01:00,2026-02-01 03:45:00+01:00,2026-02-01,3.0,0.47854,SEK,SEK/kWh
SE1,2026-02-01 03:45:00+01:00,2026-02-01 04:00:00+01:00,2026-02-01,3.0,0.49674,SEK,SEK/kWh
SE1,2026-02-01 04:00:00+01:00,2026-02-01 04:15:00+01:00,2026-02-01,4.0,0.50742,SEK,SEK/kWh
SE1,2026-02-01 04:15:00+01:00,2026-02-01 04:30:00+01:00,2026-02-01,4.0,0.51197,SEK,SEK/kWh
SE1,2026-02-01 04:30:00+01:00,2026-02-01 04:45:00+01:00,2026-02-01,4.0,0.54096,SEK,SEK/kWh
SE1,2026-02-01 04:45:00+01:00,2026-02-01 05:00:00+01:00,2026-02-01,4.0,0.56519,SEK,SEK/kWh
SE1,2026-02-01 05:00:00+01:00,2026-02-01 05:15:00+01:00,2026-02-01,5.0,0.54562,SEK,SEK/kWh
SE1,2026-02-01 05:15:00+01:00,2026-02-01 05:30:00+01:00,2026-02-01,5.0,0.56561,SEK,SEK/kWh
SE1,2026-02-01 05:30:00+01:00,2026-02-01 05:45:00+01:00,2026-02-01,5.0,0.61544,SEK,SEK/kWh
SE1,2026-02-01 05:45:00+01:00,2026-02-01 06:00:00+01:00,2026-02-01,5.0,0.65269,SEK,SEK/kWh
SE1,2026-02-01 06:00:00+01:00,2026-02-01 06:15:00+01:00,2026-02-01,6.0,0.55069,SEK,SEK/kWh
SE1,2026-02-01 06:15:00+01:00,2026-02-01 06:30:00+01:00,2026-02-01,6.0,0.60444,SEK,SEK/kWh
SE1,2026-02-01 06:30:00+01:00,2026-02-01 06:45:00+01:00,2026-02-01,6.0,0.65004,SEK,SEK/kWh
SE1,2026-02-01 06:45:00+01:00,2026-02-01 07:00:00+01:00,2026-02-01,6.0,0.66612,SEK,SEK/kWh
SE1,2026-02-01 07:00:00+01:00,2026-02-01 07:15:00+01:00,2026-02-01,7.0,0.59957,SEK,SEK/kWh
SE1,2026-02-01 07:15:00+01:00,2026-02-01 07:30:00+01:00,2026-02-01,7.0,0.61872,SEK,SEK/kWh
SE1,2026-02-01 07:30:00+01:00,2026-02-01 07:45:00+01:00,2026-02-01,7.0,0.63766,SEK,SEK/kWh
SE1,2026-02-01 07:45:00+01:00,2026-02-01 08:00:00+01:00,2026-02-01,7.0,0.62867,SEK,SEK/kWh
SE1,2026-02-01 08:00:00+01:00,2026-02-01 08:15:00+01:00,2026-02-01,8.0,0.55683,SEK,SEK/kWh
SE1,2026-02-01 08:15:00+01:00,2026-02-01 08:30:00+01:00,2026-02-01,8.0,0.57862,SEK,SEK/kWh
SE1,2026-02-01 08:30:00+01:00,2026-02-01 08:45:00+01:00,2026-02-01,8.0,0.61671,SEK,SEK/kWh
SE1,2026-02-01 08:45:00+01:00,2026-02-01 09:00:00+01:00,2026-02-01,8.0,0.72992,SEK,SEK/kWh
SE1,2026-02-01 09:00:00+01:00,2026-02-01 09:15:00+01:00,2026-02-01,9.0,0.57831,SEK,SEK/kWh
SE1,2026-02-01 09:15:00+01:00,2026-02-01 09:30:00+01:00,2026-02-01,9.0,0.63057,SEK,SEK/kWh
SE1,2026-02-01 09:30:00+01:00,2026-02-01 09:45:00+01:00,2026-02-01,9.0,0.65068,SEK,SEK/kWh
SE1,2026-02-01 09:45:00+01:00,2026-02-01 10:00:00+01:00,2026-02-01,9.0,0.67966,SEK,SEK/kWh
SE1,2026-02-01 10:00:00+01:00,2026-02-01 10:15:00+01:00,2026-02-01,10.0,0.63682,SEK,SEK/kWh
SE1,2026-02-01 10:15:00+01:00,2026-02-01 10:30:00+01:00,2026-02-01,10.0,0.61703,SEK,SEK/kWh
SE1,2026-02-01 10:30:00+01:00,2026-02-01 10:45:00+01:00,2026-02-01,10.0,0.62856,SEK,SEK/kWh
SE1,2026-02-01 10:45:00+01:00,2026-02-01 11:00:00+01:00,2026-02-01,10.0,0.64729,SEK,SEK/kWh
SE1,2026-02-01 11:00:00+01:00,2026-02-01 11:15:00+01:00,2026-02-01,11.0,0.62401,SEK,SEK/kWh
SE1,2026-02-01 11:15:00+01:00,2026-02-01 11:30:00+01:00,2026-02-01,11.0,0.61745,SEK,SEK/kWh
SE1,2026-02-01 11:30:00+01:00,2026-02-01 11:45:00+01:00,2026-02-01,11.0,0.62348,SEK,SEK/kWh
SE1,2026-02-01 11:45:00+01:00,2026-02-01 12:00:00+01:00,2026-02-01,11.0,0.74071,SEK,SEK/kWh
SE1,2026-02-01 12:00:00+01:00,2026-02-01 12:15:00+01:00,2026-02-01,12.0,0.57101,SEK,SEK/kWh
SE1,2026-02-01 12:15:00+01:00,2026-02-01 12:30:00+01:00,2026-02-01,12.0,0.62084,SEK,SEK/kWh
SE1,2026-02-01 12:30:00+01:00,2026-02-01 12:45:00+01:00,2026-02-01,12.0,0.6602,SEK,SEK/kWh
SE1,2026-02-01 12:45:00+01:00,2026-02-01 13:00:00+01:00,2026-02-01,12.0,0.75626,SEK,SEK/kWh
SE1,2026-02-01 13:00:00+01:00,2026-02-01 13:15:00+01:00,2026-02-01,13.0,0.61047,SEK,SEK/kWh
SE1,2026-02-01 13:15:00+01:00,2026-02-01 13:30:00+01:00,2026-02-01,13.0,0.63607,SEK,SEK/kWh
SE1,2026-02-01 13:30:00+01:00,2026-02-01 13:45:00+01:00,2026-02-01,13.0,0.6894,SEK,SEK/kWh
SE1,2026-02-01 13:45:00+01:00,2026-02-01 14:00:00+01:00,2026-02-01,13.0,0.75976,SEK,SEK/kWh
SE1,2026-02-01 14:00:00+01:00,2026-02-01 14:15:00+01:00,2026-02-01,14.0,0.61968,SEK,SEK/kWh
SE1,2026-02-01 14:15:00+01:00,2026-02-01 14:30:00+01:00,2026-02-01,14.0,0.63618,SEK,SEK/kWh
SE1,2026-02-01 14:30:00+01:00,2026-02-01 14:45:00+01:00,2026-02-01,14.0,0.66707,SEK,SEK/kWh
SE1,2026-02-01 14:45:00+01:00,2026-02-01 15:00:00+01:00,2026-02-01,14.0,0.7807,SEK,SEK/kWh
SE1,2026-02-01 15:00:00+01:00,2026-02-01 15:15:00+01:00,2026-02-01,15.0,0.63036,SEK,SEK/kWh
SE1,2026-02-01 15:15:00+01:00,2026-02-01 15:30:00+01:00,2026-02-01,15.0,0.67004,SEK,SEK/kWh
SE1,2026-02-01 15:30:00+01:00,2026-02-01 15:45:00+01:00,2026-02-01,15.0,0.69035,SEK,SEK/kWh
SE1,2026-02-01 15:45:00+01:00,2026-02-01 16:00:00+01:00,2026-02-01,15.0,0.72791,SEK,SEK/kWh
SE1,2026-02-01 16:00:00+01:00,2026-02-01 16:15:00+01:00,2026-02-01,16.0,0.73965,SEK,SEK/kWh
SE1,2026-02-01 16:15:00+01:00,2026-02-01 16:30:00+01:00,2026-02-01,16.0,0.74949,SEK,SEK/kWh
SE1,2026-02-01 16:30:00+01:00,2026-02-01 16:45:00+01:00,2026-02-01,16.0,0.73045,SEK,SEK/kWh
SE1,2026-02-01 16:45:00+01:00,2026-02-01 17:00:00+01:00,2026-02-01,16.0,0.76727,SEK,SEK/kWh
SE1,2026-02-01 17:00:00+01:00,2026-02-01 17:15:00+01:00,2026-02-01,17.0,0.82419,SEK,SEK/kWh
SE1,2026-02-01 17:15:00+01:00,2026-02-01 17:30:00+01:00,2026-02-01,17.0,0.82408,SEK,SEK/kWh
SE1,2026-02-01 17:30:00+01:00,2026-02-01 17:45:00+01:00,2026-02-01,17.0,0.63565,SEK,SEK/kWh
SE1,2026-02-01 17:45:00+01:00,2026-02-01 18:00:00+01:00,2026-02-01,17.0,0.51895,SEK,SEK/kWh
SE1,2026-02-01 18:00:00+01:00,2026-02-01 18:15:00+01:00,2026-02-01,18.0,0.85688,SEK,SEK/kWh
SE1,2026-02-01 18:15:00+01:00,2026-02-01 18:30:00+01:00,2026-02-01,18.0,0.67512,SEK,SEK/kWh
SE1,2026-02-01 18:30:00+01:00,2026-02-01 18:45:00+01:00,2026-02-01,18.0,0.64084,SEK,SEK/kWh
SE1,2026-02-01 18:45:00+01:00,2026-02-01 19:00:00+01:00,2026-02-01,18.0,0.49293,SEK,SEK/kWh
SE1,2026-02-01 19:00:00+01:00,2026-02-01 19:15:00+01:00,2026-02-01,19.0,0.66062,SEK,SEK/kWh
SE1,2026-02-01 19:15:00+01:00,2026-02-01 19:30:00+01:00,2026-02-01,19.0,0.67078,SEK,SEK/kWh
SE1,2026-02-01 19:30:00+01:00,2026-02-01 19:45:00+01:00,2026-02-01,19.0,0.63354,SEK,SEK/kWh
SE1,2026-02-01 19:45:00+01:00,2026-02-01 20:00:00+01:00,2026-02-01,19.0,0.61872,SEK,SEK/kWh
SE1,2026-02-01 20:00:00+01:00,2026-02-01 20:15:00+01:00,2026-02-01,20.0,0.70696,SEK,SEK/kWh
SE1,2026-02-01 20:15:00+01:00,2026-02-01 20:30:00+01:00,2026-02-01,20.0,0.60698,SEK,SEK/kWh
SE1,2026-02-01 20:30:00+01:00,2026-02-01 20:45:00+01:00,2026-02-01,20.0,0.61354,SEK,SEK/kWh
SE1,2026-02-01 20:45:00+01:00,2026-02-01 21:00:00+01:00,2026-02-01,20.0,0.62169,SEK,SEK/kWh
SE1,2026-02-01 21:00:00+01:00,2026-02-01 21:15:00+01:00,2026-02-01,21.0,0.77721,SEK,SEK/kWh
SE1,2026-02-01 21:15:00+01:00,2026-02-01 21:30:00+01:00,2026-02-01,21.0,0.5635,SEK,SEK/kWh
SE1,2026-02-01 21:30:00+01:00,2026-02-01 21:45:00+01:00,2026-02-01,21.0,0.55091,SEK,SEK/kWh
SE1,2026-02-01 21:45:00+01:00,2026-02-01 22:00:00+01:00,2026-02-01,21.0,0.56254,SEK,SEK/kWh
SE1,2026-02-01 22:00:00+01:00,2026-02-01 22:15:00+01:00,2026-02-01,22.0,0.54054,SEK,SEK/kWh
SE1,2026-02-01 22:15:00+01:00,2026-02-01 22:30:00+01:00,2026-02-01,22.0,0.60201,SEK,SEK/kWh
SE1,2026-02-01 22:30:00+01:00,2026-02-01 22:45:00+01:00,2026-02-01,22.0,0.65343,SEK,SEK/kWh
SE1,2026-02-01 22:45:00+01:00,2026-02-01 23:00:00+01:00,2026-02-01,22.0,0.62264,SEK,SEK/kWh
SE1,2026-02-01 23:00:00+01:00,2026-02-01 23:15:00+01:00,2026-02-01,23.0,0.57947,SEK,SEK/kWh
SE1,2026-02-01 23:15:00+01:00,2026-02-01 23:30:00+01:00,2026-02-01,23.0,0.60878,SEK,SEK/kWh
SE1,2026-02-01 23:30:00+01:00,2026-02-01 23:45:00+01:00,2026-02-01,23.0,0.60254,SEK,SEK/kWh
SE1,2026-02-01 23:45:00+01:00,2026-02-02 00:00:00+01:00,2026-02-01,23.0,0.59471,SEK,SEK/kWh
SE1,2026-02-02 00:00:00+01:00,2026-02-02 00:15:00+01:00,2026-02-02,0.0,0.58265,SEK,SEK/kWh
SE1,2026-02-02 00:15:00+01:00,2026-02-02 00:30:00+01:00,2026-02-02,0.0,0.56847,SEK,SEK/kWh
SE1,2026-02-02 00:30:00+01:00,2026-02-02 00:45:00+01:00,2026-02-02,0.0,0.62465,SEK,SEK/kWh
SE1,2026-02-02 00:45:00+01:00,2026-02-02 01:00:00+01:00,2026-02-02,0.0,0.64285,SEK,SEK/kWh
SE1,2026-02-02 01:00:00+01:00,2026-02-02 01:15:00+01:00,2026-02-02,1.0,0.60888,SEK,SEK/kWh
SE1,2026-02-02 01:15:00+01:00,2026-02-02 01:30:00+01:00,2026-02-02,1.0,0.61227,SEK,SEK/kWh
SE1,2026-02-02 01:30:00+01:00,2026-02-02 01:45:00+01:00,2026-02-02,1.0,0.69204,SEK,SEK/kWh
SE1,2026-02-02 01:45:00+01:00,2026-02-02 02:00:00+01:00,2026-02-02,1.0,0.73352,SEK,SEK/kWh
SE1,2026-02-02 02:00:00+01:00,2026-02-02 02:15:00+01:00,2026-02-02,2.0,0.61989,SEK,SEK/kWh
SE1,2026-02-02 02:15:00+01:00,2026-02-02 02:30:00+01:00,2026-02-02,2.0,0.74315,SEK,SEK/kWh
SE1,2026-02-02 02:30:00+01:00,2026-02-02 02:45:00+01:00,2026-02-02,2.0,0.75362,SEK,SEK/kWh
SE1,2026-02-02 02:45:00+01:00,2026-02-02 03:00:00+01:00,2026-02-02,2.0,0.75023,SEK,SEK/kWh
SE1,2026-02-02 03:00:00+01:00,2026-02-02 03:15:00+01:00,2026-02-02,3.0,0.71881,SEK,SEK/kWh
SE1,2026-02-02 03:15:00+01:00,2026-02-02 03:30:00+01:00,2026-02-02,3.0,0.7424,SEK,SEK/kWh
SE1,2026-02-02 03:30:00+01:00,2026-02-02 03:45:00+01:00,2026-02-02,3.0,0.74854,SEK,SEK/kWh
SE1,2026-02-02 03:45:00+01:00,2026-02-02 04:00:00+01:00,2026-02-02,3.0,0.74621,SEK,SEK/kWh
SE1,2026-02-02 04:00:00+01:00,2026-02-02 04:15:00+01:00,2026-02-02,4.0,0.63068,SEK,SEK/kWh
SE1,2026-02-02 04:15:00+01:00,2026-02-02 04:30:00+01:00,2026-02-02,4.0,0.63967,SEK,SEK/kWh
SE1,2026-02-02 04:30:00+01:00,2026-02-02 04:45:00+01:00,2026-02-02,4.0,0.746,SEK,SEK/kWh
SE1,2026-02-02 04:45:00+01:00,2026-02-02 05:00:00+01:00,2026-02-02,4.0,0.80948,SEK,SEK/kWh
SE1,2026-02-02 05:00:00+01:00,2026-02-02 05:15:00+01:00,2026-02-02,5.0,0.56487,SEK,SEK/kWh
SE1,2026-02-02 05:15:00+01:00,2026-02-02 05:30:00+01:00,2026-02-02,5.0,0.73733,SEK,SEK/kWh
SE1,2026-02-02 05:30:00+01:00,2026-02-02 05:45:00+01:00,2026-02-02,5.0,0.80578,SEK,SEK/kWh
SE1,2026-02-02 05:45:00+01:00,2026-02-02 06:00:00+01:00,2026-02-02,5.0,0.82609,SEK,SEK/kWh
SE1,2026-02-02 06:00:00+01:00,2026-02-02 06:15:00+01:00,2026-02-02,6.0,0.58508,SEK,SEK/kWh
SE1,2026-02-02 06:15:00+01:00,2026-02-02 06:30:00+01:00,2026-02-02,6.0,0.74568,SEK,SEK/kWh
SE1,2026-02-02 06:30:00+01:00,2026-02-02 06:45:00+01:00,2026-02-02,6.0,0.71236,SEK,SEK/kWh
SE1,2026-02-02 06:45:00+01:00,2026-02-02 07:00:00+01:00,2026-02-02,6.0,0.75838,SEK,SEK/kWh
SE1,2026-02-02 07:00:00+01:00,2026-02-02 07:15:00+01:00,2026-02-02,7.0,0.94247,SEK,SEK/kWh
SE1,2026-02-02 07:15:00+01:00,2026-02-02 07:30:00+01:00,2026-02-02,7.0,0.96755,SEK,SEK/kWh
SE1,2026-02-02 07:30:00+01:00,2026-02-02 07:45:00+01:00,2026-02-02,7.0,0.96215,SEK,SEK/kWh
SE1,2026-02-02 07:45:00+01:00,2026-02-02 08:00:00+01:00,2026-02-02,7.0,0.9886,SEK,SEK/kWh
SE1,2026-02-02 08:00:00+01:00,2026-02-02 08:15:00+01:00,2026-02-02,8.0,0.98014,SEK,SEK/kWh
SE1,2026-02-02 08:15:00+01:00,2026-02-02 08:30:00+01:00,2026-02-02,8.0,0.96681,SEK,SEK/kWh
SE1,2026-02-02 08:30:00+01:00,2026-02-02 08:45:00+01:00,2026-02-02,8.0,0.9667,SEK,SEK/kWh
SE1,2026-02-02 08:45:00+01:00,2026-02-02 09:00:00+01:00,2026-02-02,8.0,0.95655,SEK,SEK/kWh
SE1,2026-02-02 09:00:00+01:00,2026-02-02 09:15:00+01:00,2026-02-02,9.0,0.94057,SEK,SEK/kWh
SE1,2026-02-02 09:15:00+01:00,2026-02-02 09:30:00+01:00,2026-02-02,9.0,1.0067,SEK,SEK/kWh
SE1,2026-02-02 09:30:00+01:00,2026-02-02 09:45:00+01:00,2026-02-02,9.0,1.02098,SEK,SEK/kWh
SE1,2026-02-02 09:45:00+01:00,2026-02-02 10:00:00+01:00,2026-02-02,9.0,1.03219,SEK,SEK/kWh
SE1,2026-02-02 10:00:00+01:00,2026-02-02 10:15:00+01:00,2026-02-02,10.0,1.03643,SEK,SEK/kWh
SE1,2026-02-02 10:15:00+01:00,2026-02-02 10:30:00+01:00,2026-02-02,10.0,1.06055,SEK,SEK/kWh
SE1,2026-02-02 10:30:00+01:00,2026-02-02 10:45:00+01:00,2026-02-02,10.0,1.11059,SEK,SEK/kWh
SE1,2026-02-02 10:45:00+01:00,2026-02-02 11:00:00+01:00,2026-02-02,10.0,1.08763,SEK,SEK/kWh
SE1,2026-02-02 11:00:00+01:00,2026-02-02 11:15:00+01:00,2026-02-02,11.0,1.03981,SEK,SEK/kWh
SE1,2026-02-02 11:15:00+01:00,2026-02-02 11:30:00+01:00,2026-02-02,11.0,1.07599,SEK,SEK/kWh
SE1,2026-02-02 11:30:00+01:00,2026-02-02 11:45:00+01:00,2026-02-02,11.0,1.05886,SEK,SEK/kWh
SE1,2026-02-02 11:45:00+01:00,2026-02-02 12:00:00+01:00,2026-02-02,11.0,1.05177,SEK,SEK/kWh
SE1,2026-02-02 12:00:00+01:00,2026-02-02 12:15:00+01:00,2026-02-02,12.0,1.11504,SEK,SEK/kWh
SE1,2026-02-02 12:15:00+01:00,2026-02-02 12:30:00+01:00,2026-02-02,12.0,1.06605,SEK,SEK/kWh
SE1,2026-02-02 12:30:00+01:00,2026-02-02 12:45:00+01:00,2026-02-02,12.0,1.10879,SEK,SEK/kWh
SE1,2026-02-02 12:45:00+01:00,2026-02-02 13:00:00+01:00,2026-02-02,12.0,1.08964,SEK,SEK/kWh
SE1,2026-02-02 13:00:00+01:00,2026-02-02 13:15:00+01:00,2026-02-02,13.0,1.08837,SEK,SEK/kWh
SE1,2026-02-02 13:15:00+01:00,2026-02-02 13:30:00+01:00,2026-02-02,13.0,1.07642,SEK,SEK/kWh
SE1,2026-02-02 13:30:00+01:00,2026-02-02 13:45:00+01:00,2026-02-02,13.0,1.06277,SEK,SEK/kWh
SE1,2026-02-02 13:45:00+01:00,2026-02-02 14:00:00+01:00,2026-02-02,13.0,1.06076,SEK,SEK/kWh
SE1,2026-02-02 14:00:00+01:00,2026-02-02 14:15:00+01:00,2026-02-02,14.0,1.03865,SEK,SEK/kWh
SE1,2026-02-02 14:15:00+01:00,2026-02-02 14:30:00+01:00,2026-02-02,14.0,1.05124,SEK,SEK/kWh
SE1,2026-02-02 14:30:00+01:00,2026-02-02 14:45:00+01:00,2026-02-02,14.0,1.07504,SEK,SEK/kWh
SE1,2026-02-02 14:45:00+01:00,2026-02-02 15:00:00+01:00,2026-02-02,14.0,1.09758,SEK,SEK/kWh
SE1,2026-02-02 15:00:00+01:00,2026-02-02 15:15:00+01:00,2026-02-02,15.0,1.03939,SEK,SEK/kWh
SE1,2026-02-02 15:15:00+01:00,2026-02-02 15:30:00+01:00,2026-02-02,15.0,1.08266,SEK,SEK/kWh
SE1,2026-02-02 15:30:00+01:00,2026-02-02 15:45:00+01:00,2026-02-02,15.0,1.09842,SEK,SEK/kWh
SE1,2026-02-02 15:45:00+01:00,2026-02-02 16:00:00+01:00,2026-02-02,15.0,1.12339,SEK,SEK/kWh
SE1,2026-02-02 16:00:00+01:00,2026-02-02 16:15:00+01:00,2026-02-02,16.0,1.08827,SEK,SEK/kWh
SE1,2026-02-02 16:15:00+01:00,2026-02-02 16:30:00+01:00,2026-02-02,16.0,1.12011,SEK,SEK/kWh
SE1,2026-02-02 16:30:00+01:00,2026-02-02 16:45:00+01:00,2026-02-02,16.0,1.13419,SEK,SEK/kWh
SE1,2026-02-02 16:45:00+01:00,2026-02-02 17:00:00+01:00,2026-02-02,16.0,1.09081,SEK,SEK/kWh
SE1,2026-02-02 17:00:00+01:00,2026-02-02 17:15:00+01:00,2026-02-02,17.0,1.13376,SEK,SEK/kWh
SE1,2026-02-02 17:15:00+01:00,2026-02-02 17:30:00+01:00,2026-02-02,17.0,1.08753,SEK,SEK/kWh
SE1,2026-02-02 17:30:00+01:00,2026-02-02 17:45:00+01:00,2026-02-02,17.0,1.06224,SEK,SEK/kWh
SE1,2026-02-02 17:45:00+01:00,2026-02-02 18:00:00+01:00,2026-02-02,17.0,1.08763,SEK,SEK/kWh
SE1,2026-02-02 18:00:00+01:00,2026-02-02 18:15:00+01:00,2026-02-02,18.0,1.07293,SEK,SEK/kWh
SE1,2026-02-02 18:15:00+01:00,2026-02-02 18:30:00+01:00,2026-02-02,18.0,1.04235,SEK,SEK/kWh
SE1,2026-02-02 18:30:00+01:00,2026-02-02 18:45:00+01:00,2026-02-02,18.0,1.05663,SEK,SEK/kWh
SE1,2026-02-02 18:45:00+01:00,2026-02-02 19:00:00+01:00,2026-02-02,18.0,1.04986,SEK,SEK/kWh
SE1,2026-02-02 19:00:00+01:00,2026-02-02 19:15:00+01:00,2026-02-02,19.0,1.10879,SEK,SEK/kWh
SE1,2026-02-02 19:15:00+01:00,2026-02-02 19:30:00+01:00,2026-02-02,19.0,1.10572,SEK,SEK/kWh
SE1,2026-02-02 19:30:00+01:00,2026-02-02 19:45:00+01:00,2026-02-02,19.0,1.10922,SEK,SEK/kWh
SE1,2026-02-02 19:45:00+01:00,2026-02-02 20:00:00+01:00,2026-02-02,19.0,1.04965,SEK,SEK/kWh
SE1,2026-02-02 20:00:00+01:00,2026-02-02 20:15:00+01:00,2026-02-02,20.0,1.02637,SEK,SEK/kWh
SE1,2026-02-02 20:15:00+01:00,2026-02-02 20:30:00+01:00,2026-02-02,20.0,1.04637,SEK,SEK/kWh
SE1,2026-02-02 20:30:00+01:00,2026-02-02 20:45:00+01:00,2026-02-02,20.0,1.02733,SEK,SEK/kWh
SE1,2026-02-02 20:45:00+01:00,2026-02-02 21:00:00+01:00,2026-02-02,20.0,1.01717,SEK,SEK/kWh
SE1,2026-02-02 21:00:00+01:00,2026-02-02 21:15:00+01:00,2026-02-02,21.0,1.05759,SEK,SEK/kWh
SE1,2026-02-02 21:15:00+01:00,2026-02-02 21:30:00+01:00,2026-02-02,21.0,1.03653,SEK,SEK/kWh
SE1,2026-02-02 21:30:00+01:00,2026-02-02 21:45:00+01:00,2026-02-02,21.0,0.99918,SEK,SEK/kWh
SE1,2026-02-02 21:45:00+01:00,2026-02-02 22:00:00+01:00,2026-02-02,21.0,0.96374,SEK,SEK/kWh
SE1,2026-02-02 22:00:00+01:00,2026-02-02 22:15:00+01:00,2026-02-02,22.0,1.03494,SEK,SEK/kWh
SE1,2026-02-02 22:15:00+01:00,2026-02-02 22:30:00+01:00,2026-02-02,22.0,0.99537,SEK,SEK/kWh
SE1,2026-02-02 22:30:00+01:00,2026-02-02 22:45:00+01:00,2026-02-02,22.0,0.98511,SEK,SEK/kWh
SE1,2026-02-02 22:45:00+01:00,2026-02-02 23:00:00+01:00,2026-02-02,22.0,0.9684,SEK,SEK/kWh
SE1,2026-02-02 23:00:00+01:00,2026-02-02 23:15:00+01:00,2026-02-02,23.0,1.01706,SEK,SEK/kWh
SE1,2026-02-02 23:15:00+01:00,2026-02-02 23:30:00+01:00,2026-02-02,23.0,0.96311,SEK,SEK/kWh
SE1,2026-02-02 23:30:00+01:00,2026-02-02 23:45:00+01:00,2026-02-02,23.0,0.94999,SEK,SEK/kWh
SE1,2026-02-02 23:45:00+01:00,2026-02-03 00:00:00+01:00,2026-02-02,23.0,0.89751,SEK,SEK/kWh
SE1,2026-02-03 00:00:00+01:00,2026-02-03 00:15:00+01:00,2026-02-03,0.0,1.05493,SEK,SEK/kWh
SE1,2026-02-03 00:15:00+01:00,2026-02-03 00:30:00+01:00,2026-02-03,0.0,1.0453,SEK,SEK/kWh
SE1,2026-02-03 00:30:00+01:00,2026-02-03 00:45:00+01:00,2026-02-03,0.0,1.03324,SEK,SEK/kWh
SE1,2026-02-03 00:45:00+01:00,2026-02-03 01:00:00+01:00,2026-02-03,0.0,1.01758,SEK,SEK/kWh
SE1,2026-02-03 01:00:00+01:00,2026-02-03 01:15:00+01:00,2026-02-03,1.0,1.0107,SEK,SEK/kWh
SE1,2026-02-03 01:15:00+01:00,2026-02-03 01:30:00+01:00,2026-02-03,1.0,0.99313,SEK,SEK/kWh
SE1,2026-02-03 01:30:00+01:00,2026-02-03 01:45:00+01:00,2026-02-03,1.0,1.01059,SEK,SEK/kWh
SE1,2026-02-03 01:45:00+01:00,2026-02-03 02:00:00+01:00,2026-02-03,1.0,1.00414,SEK,SEK/kWh
SE1,2026-02-03 02:00:00+01:00,2026-02-03 02:15:00+01:00,2026-02-03,2.0,1.01017,SEK,SEK/kWh
SE1,2026-02-03 02:15:00+01:00,2026-02-03 02:30:00+01:00,2026-02-03,2.0,0.99726,SEK,SEK/kWh
SE1,2026-02-03 02:30:00+01:00,2026-02-03 02:45:00+01:00,2026-02-03,2.0,0.98212,SEK,SEK/kWh
SE1,2026-02-03 02:45:00+01:00,2026-02-03 03:00:00+01:00,2026-02-03,2.0,0.96868,SEK,SEK/kWh
SE1,2026-02-03 03:00:00+01:00,2026-02-03 03:15:00+01:00,2026-02-03,3.0,0.99842,SEK,SEK/kWh
SE1,2026-02-03 03:15:00+01:00,2026-02-03 03:30:00+01:00,2026-02-03,3.0,0.98879,SEK,SEK/kWh
SE1,2026-02-03 03:30:00+01:00,2026-02-03 03:45:00+01:00,2026-02-03,3.0,0.9854,SEK,SEK/kWh
SE1,2026-02-03 03:45:00+01:00,2026-02-03 04:00:00+01:00,2026-02-03,3.0,0.97757,SEK,SEK/kWh
SE1,2026-02-03 04:00:00+01:00,2026-02-03 04:15:00+01:00,2026-02-03,4.0,0.9744,SEK,SEK/kWh
SE1,2026-02-03 04:15:00+01:00,2026-02-03 04:30:00+01:00,2026-02-03,4.0,0.97164,SEK,SEK/kWh
SE1,2026-02-03 04:30:00+01:00,2026-02-03 04:45:00+01:00,2026-02-03,4.0,0.98657,SEK,SEK/kWh
SE1,2026-02-03 04:45:00+01:00,2026-02-03 05:00:00+01:00,2026-02-03,4.0,0.98583,SEK,SEK/kWh
SE1,2026-02-03 05:00:00+01:00,2026-02-03 05:15:00+01:00,2026-02-03,5.0,0.9691,SEK,SEK/kWh
SE1,2026-02-03 05:15:00+01:00,2026-02-03 05:30:00+01:00,2026-02-03,5.0,0.99323,SEK,SEK/kWh
SE1,2026-02-03 05:30:00+01:00,2026-02-03 05:45:00+01:00,2026-02-03,5.0,1.03842,SEK,SEK/kWh
SE1,2026-02-03 05:45:00+01:00,2026-02-03 06:00:00+01:00,2026-02-03,5.0,1.09557,SEK,SEK/kWh
SE1,2026-02-03 06:00:00+01:00,2026-02-03 06:15:00+01:00,2026-02-03,6.0,1.02234,SEK,SEK/kWh
SE1,2026-02-03 06:15:00+01:00,2026-02-03 06:30:00+01:00,2026-02-03,6.0,1.1487,SEK,SEK/kWh
SE1,2026-02-03 06:30:00+01:00,2026-02-03 06:45:00+01:00,2026-02-03,6.0,1.21051,SEK,SEK/kWh
SE1,2026-02-03 06:45:00+01:00,2026-02-03 07:00:00+01:00,2026-02-03,6.0,1.26586,SEK,SEK/kWh
SE1,2026-02-03 07:00:00+01:00,2026-02-03 07:15:00+01:00,2026-02-03,7.0,1.2866,SEK,SEK/kWh
SE1,2026-02-03 07:15:00+01:00,2026-02-03 07:30:00+01:00,2026-02-03,7.0,1.35783,SEK,SEK/kWh
SE1,2026-02-03 07:30:00+01:00,2026-02-03 07:45:00+01:00,2026-02-03,7.0,1.41106,SEK,SEK/kWh
SE1,2026-02-03 07:45:00+01:00,2026-02-03 08:00:00+01:00,2026-02-03,7.0,1.45382,SEK,SEK/kWh
SE1,2026-02-03 08:00:00+01:00,2026-02-03 08:15:00+01:00,2026-02-03,8.0,1.41498,SEK,SEK/kWh
SE1,2026-02-03 08:15:00+01:00,2026-02-03 08:30:00+01:00,2026-02-03,8.0,1.44249,SEK,SEK/kWh
SE1,2026-02-03 08:30:00+01:00,2026-02-03 08:45:00+01:00,2026-02-03,8.0,1.40333,SEK,SEK/kWh
SE1,2026-02-03 08:45:00+01:00,2026-02-03 09:00:00+01:00,2026-02-03,8.0,1.41709,SEK,SEK/kWh
SE1,2026-02-03 09:00:00+01:00,2026-02-03 09:15:00+01:00,2026-02-03,9.0,1.72623,SEK,SEK/kWh
SE1,2026-02-03 09:15:00+01:00,2026-02-03 09:30:00+01:00,2026-02-03,9.0,1.59161,SEK,SEK/kWh
SE1,2026-02-03 09:30:00+01:00,2026-02-03 09:45:00+01:00,2026-02-03,9.0,1.50811,SEK,SEK/kWh
SE1,2026-02-03 09:45:00+01:00,2026-02-03 10:00:00+01:00,2026-02-03,9.0,1.45181,SEK,SEK/kWh
SE1,2026-02-03 10:00:00+01:00,2026-02-03 10:15:00+01:00,2026-02-03,10.0,1.36439,SEK,SEK/kWh
SE1,2026-02-03 10:15:00+01:00,2026-02-03 10:30:00+01:00,2026-02-03,10.0,1.32047,SEK,SEK/kWh
SE1,2026-02-03 10:30:00+01:00,2026-02-03 10:45:00+01:00,2026-02-03,10.0,1.27009,SEK,SEK/kWh
SE1,2026-02-03 10:45:00+01:00,2026-02-03 11:00:00+01:00,2026-02-03,10.0,1.15653,SEK,SEK/kWh
SE1,2026-02-03 11:00:00+01:00,2026-02-03 11:15:00+01:00,2026-02-03,11.0,1.28099,SEK,SEK/kWh
SE1,2026-02-03 11:15:00+01:00,2026-02-03 11:30:00+01:00,2026-02-03,11.0,1.17474,SEK,SEK/kWh
SE1,2026-02-03 11:30:00+01:00,2026-02-03 11:45:00+01:00,2026-02-03,11.0,1.14405,SEK,SEK/kWh
SE1,2026-02-03 11:45:00+01:00,2026-02-03 12:00:00+01:00,2026-02-03,11.0,1.05409,SEK,SEK/kWh
SE1,2026-02-03 12:00:00+01:00,2026-02-03 12:15:00+01:00,2026-02-03,12.0,1.18267,SEK,SEK/kWh
SE1,2026-02-03 12:15:00+01:00,2026-02-03 12:30:00+01:00,2026-02-03,12.0,1.1705,SEK,SEK/kWh
SE1,2026-02-03 12:30:00+01:00,2026-02-03 12:45:00+01:00,2026-02-03,12.0,1.14553,SEK,SEK/kWh
SE1,2026-02-03 12:45:00+01:00,2026-02-03 13:00:00+01:00,2026-02-03,12.0,1.12595,SEK,SEK/kWh
SE1,2026-02-03 13:00:00+01:00,2026-02-03 13:15:00+01:00,2026-02-03,13.0,1.10933,SEK,SEK/kWh
SE1,2026-02-03 13:15:00+01:00,2026-02-03 13:30:00+01:00,2026-02-03,13.0,1.15526,SEK,SEK/kWh
SE1,2026-02-03 13:30:00+01:00,2026-02-03 13:45:00+01:00,2026-02-03,13.0,1.17548,SEK,SEK/kWh
SE1,2026-02-03 13:45:00+01:00,2026-02-03 14:00:00+01:00,2026-02-03,13.0,1.17759,SEK,SEK/kWh
SE1,2026-02-03 14:00:00+01:00,2026-02-03 14:15:00+01:00,2026-02-03,14.0,1.09007,SEK,SEK/kWh
SE1,2026-02-03 14:15:00+01:00,2026-02-03 14:30:00+01:00,2026-02-03,14.0,1.14447,SEK,SEK/kWh
SE1,2026-02-03 14:30:00+01:00,2026-02-03 14:45:00+01:00,2026-02-03,14.0,1.17421,SEK,SEK/kWh
SE1,2026-02-03 14:45:00+01:00,2026-02-03 15:00:00+01:00,2026-02-03,14.0,1.2158,SEK,SEK/kWh
SE1,2026-02-03 15:00:00+01:00,2026-02-03 15:15:00+01:00,2026-02-03,15.0,1.11706,SEK,SEK/kWh
SE1,2026-02-03 15:15:00+01:00,2026-02-03 15:30:00+01:00,2026-02-03,15.0,1.15717,SEK,SEK/kWh
SE1,2026-02-03 15:30:00+01:00,2026-02-03 15:45:00+01:00,2026-02-03,15.0,1.19484,SEK,SEK/kWh
SE1,2026-02-03 15:45:00+01:00,2026-02-03 16:00:00+01:00,2026-02-03,15.0,1.22395,SEK,SEK/kWh
SE1,2026-02-03 16:00:00+01:00,2026-02-03 16:15:00+01:00,2026-02-03,16.0,1.21675,SEK,SEK/kWh
SE1,2026-02-03 16:15:00+01:00,2026-02-03 16:30:00+01:00,2026-02-03,16.0,1.22469,SEK,SEK/kWh
SE1,2026-02-03 16:30:00+01:00,2026-02-03 16:45:00+01:00,2026-02-03,16.0,1.26131,SEK,SEK/kWh
SE1,2026-02-03 16:45:00+01:00,2026-02-03 17:00:00+01:00,2026-02-03,16.0,1.26808,SEK,SEK/kWh
SE1,2026-02-03 17:00:00+01:00,2026-02-03 17:15:00+01:00,2026-02-03,17.0,2.01134,SEK,SEK/kWh
SE1,2026-02-03 17:15:00+01:00,2026-02-03 17:30:00+01:00,2026-02-03,17.0,2.01515,SEK,SEK/kWh
SE1,2026-02-03 17:30:00+01:00,2026-02-03 17:45:00+01:00,2026-02-03,17.0,2.07981,SEK,SEK/kWh
SE1,2026-02-03 17:45:00+01:00,2026-02-03 18:00:00+01:00,2026-02-03,17.0,2.08225,SEK,SEK/kWh
SE1,2026-02-03 18:00:00+01:00,2026-02-03 18:15:00+01:00,2026-02-03,18.0,2.00637,SEK,SEK/kWh
SE1,2026-02-03 18:15:00+01:00,2026-02-03 18:30:00+01:00,2026-02-03,18.0,1.96541,SEK,SEK/kWh
SE1,2026-02-03 18:30:00+01:00,2026-02-03 18:45:00+01:00,2026-02-03,18.0,1.94604,SEK,SEK/kWh
SE1,2026-02-03 18:45:00+01:00,2026-02-03 19:00:00+01:00,2026-02-03,18.0,1.93493,SEK,SEK/kWh
SE1,2026-02-03 19:00:00+01:00,2026-02-03 19:15:00+01:00,2026-02-03,19.0,1.87164,SEK,SEK/kWh
SE1,2026-02-03 19:15:00+01:00,2026-02-03 19:30:00+01:00,2026-02-03,19.0,1.83301,SEK,SEK/kWh
SE1,2026-02-03 19:30:00+01:00,2026-02-03 19:45:00+01:00,2026-02-03,19.0,1.77787,SEK,SEK/kWh
SE1,2026-02-03 19:45:00+01:00,2026-02-03 20:00:00+01:00,2026-02-03,19.0,1.59881,SEK,SEK/kWh
SE1,2026-02-03 20:00:00+01:00,2026-02-03 20:15:00+01:00,2026-02-03,20.0,1.22035,SEK,SEK/kWh
SE1,2026-02-03 20:15:00+01:00,2026-02-03 20:30:00+01:00,2026-02-03,20.0,1.19675,SEK,SEK/kWh
SE1,2026-02-03 20:30:00+01:00,2026-02-03 20:45:00+01:00,2026-02-03,20.0,1.16902,SEK,SEK/kWh
SE1,2026-02-03 20:45:00+01:00,2026-02-03 21:00:00+01:00,2026-02-03,20.0,1.1396,SEK,SEK/kWh
SE1,2026-02-03 21:00:00+01:00,2026-02-03 21:15:00+01:00,2026-02-03,21.0,1.14743,SEK,SEK/kWh
SE1,2026-02-03 21:15:00+01:00,2026-02-03 21:30:00+01:00,2026-02-03,21.0,1.1324,SEK,SEK/kWh
SE1,2026-02-03 21:30:00+01:00,2026-02-03 21:45:00+01:00,2026-02-03,21.0,1.08997,SEK,SEK/kWh
SE1,2026-02-03 21:45:00+01:00,2026-02-03 22:00:00+01:00,2026-02-03,21.0,1.02096,SEK,SEK/kWh
SE1,2026-02-03 22:00:00+01:00,2026-02-03 22:15:00+01:00,2026-02-03,22.0,1.07716,SEK,SEK/kWh
SE1,2026-02-03 22:15:00+01:00,2026-02-03 22:30:00+01:00,2026-02-03,22.0,1.00953,SEK,SEK/kWh
SE1,2026-02-03 22:30:00+01:00,2026-02-03 22:45:00+01:00,2026-02-03,22.0,1.01133,SEK,SEK/kWh
SE1,2026-02-03 22:45:00+01:00,2026-02-03 23:00:00+01:00,2026-02-03,22.0,0.98752,SEK,SEK/kWh
SE1,2026-02-03 23:00:00+01:00,2026-02-03 23:15:00+01:00,2026-02-03,23.0,1.02445,SEK,SEK/kWh
SE1,2026-02-03 23:15:00+01:00,2026-02-03 23:30:00+01:00,2026-02-03,23.0,1.00054,SEK,SEK/kWh
SE1,2026-02-03 23:30:00+01:00,2026-02-03 23:45:00+01:00,2026-02-03,23.0,0.98075,SEK,SEK/kWh
SE1,2026-02-03 23:45:00+01:00,2026-02-04 00:00:00+01:00,2026-02-03,23.0,0.89968,SEK,SEK/kWh
SE1,2026-02-04 00:00:00+01:00,2026-02-04 00:15:00+01:00,2026-02-04,0.0,1.06559,SEK,SEK/kWh
SE1,2026-02-04 00:15:00+01:00,2026-02-04 00:30:00+01:00,2026-02-04,0.0,1.03035,SEK,SEK/kWh
SE1,2026-02-04 00:30:00+01:00,2026-02-04 00:45:00+01:00,2026-02-04,0.0,1.02792,SEK,SEK/kWh
SE1,2026-02-04 00:45:00+01:00,2026-02-04 01:00:00+01:00,2026-02-04,0.0,1.02286,SEK,SEK/kWh
SE1,2026-02-04 01:00:00+01:00,2026-02-04 01:15:00+01:00,2026-02-04,1.0,1.05135,SEK,SEK/kWh
SE1,2026-02-04 01:15:00+01:00,2026-02-04 01:30:00+01:00,2026-02-04,1.0,1.02212,SEK,SEK/kWh
SE1,2026-02-04 01:30:00+01:00,2026-02-04 01:45:00+01:00,2026-02-04,1.0,1.00407,SEK,SEK/kWh
SE1,2026-02-04 01:45:00+01:00,2026-02-04 02:00:00+01:00,2026-02-04,1.0,0.99606,SEK,SEK/kWh
SE1,2026-02-04 02:00:00+01:00,2026-02-04 02:15:00+01:00,2026-02-04,2.0,1.02159,SEK,SEK/kWh
SE1,2026-02-04 02:15:00+01:00,2026-02-04 02:30:00+01:00,2026-02-04,2.0,1.00038,SEK,SEK/kWh
SE1,2026-02-04 02:30:00+01:00,2026-02-04 02:45:00+01:00,2026-02-04,2.0,1.00925,SEK,SEK/kWh
SE1,2026-02-04 02:45:00+01:00,2026-02-04 03:00:00+01:00,2026-02-04,2.0,1.01431,SEK,SEK/kWh
SE1,2026-02-04 03:00:00+01:00,2026-02-04 03:15:00+01:00,2026-02-04,3.0,1.00091,SEK,SEK/kWh
SE1,2026-02-04 03:15:00+01:00,2026-02-04 03:30:00+01:00,2026-02-04,3.0,0.99838,SEK,SEK/kWh
SE1,2026-02-04 03:30:00+01:00,2026-02-04 03:45:00+01:00,2026-02-04,3.0,1.0141,SEK,SEK/kWh
SE1,2026-02-04 03:45:00+01:00,2026-02-04 04:00:00+01:00,2026-02-04,3.0,1.01579,SEK,SEK/kWh
SE1,2026-02-04 04:00:00+01:00,2026-02-04 04:15:00+01:00,2026-02-04,4.0,0.97706,SEK,SEK/kWh
SE1,2026-02-04 04:15:00+01:00,2026-02-04 04:30:00+01:00,2026-02-04,4.0,0.974,SEK,SEK/kWh
SE1,2026-02-04 04:30:00+01:00,2026-02-04 04:45:00+01:00,2026-02-04,4.0,0.99827,SEK,SEK/kWh
SE1,2026-02-04 04:45:00+01:00,2026-02-04 05:00:00+01:00,2026-02-04,4.0,1.01104,SEK,SEK/kWh
SE1,2026-02-04 05:00:00+01:00,2026-02-04 05:15:00+01:00,2026-02-04,5.0,0.97991,SEK,SEK/kWh
SE1,2026-02-04 05:15:00+01:00,2026-02-04 05:30:00+01:00,2026-02-04,5.0,1.00123,SEK,SEK/kWh
SE1,2026-02-04 05:30:00+01:00,2026-02-04 05:45:00+01:00,2026-02-04,5.0,1.02117,SEK,SEK/kWh
SE1,2026-02-04 05:45:00+01:00,2026-02-04 06:00:00+01:00,2026-02-04,5.0,1.05799,SEK,SEK/kWh
SE1,2026-02-04 06:00:00+01:00,2026-02-04 06:15:00+01:00,2026-02-04,6.0,1.0467,SEK,SEK/kWh
SE1,2026-02-04 06:15:00+01:00,2026-02-04 06:30:00+01:00,2026-02-04,6.0,1.07931,SEK,SEK/kWh
SE1,2026-02-04 06:30:00+01:00,2026-02-04 06:45:00+01:00,2026-02-04,6.0,1.13576,SEK,SEK/kWh
SE1,2026-02-04 06:45:00+01:00,2026-02-04 07:00:00+01:00,2026-02-04,6.0,1.1768,SEK,SEK/kWh
SE1,2026-02-04 07:00:00+01:00,2026-02-04 07:15:00+01:00,2026-02-04,7.0,1.56562,SEK,SEK/kWh
SE1,2026-02-04 07:15:00+01:00,2026-02-04 07:30:00+01:00,2026-02-04,7.0,1.70226,SEK,SEK/kWh
SE1,2026-02-04 07:30:00+01:00,2026-02-04 07:45:00+01:00,2026-02-04,7.0,1.78172,SEK,SEK/kWh
SE1,2026-02-04 07:45:00+01:00,2026-02-04 08:00:00+01:00,2026-02-04,7.0,1.78794,SEK,SEK/kWh
SE1,2026-02-04 08:00:00+01:00,2026-02-04 08:15:00+01:00,2026-02-04,8.0,1.70332,SEK,SEK/kWh
SE1,2026-02-04 08:15:00+01:00,2026-02-04 08:30:00+01:00,2026-02-04,8.0,1.70733,SEK,SEK/kWh
SE1,2026-02-04 08:30:00+01:00,2026-02-04 08:45:00+01:00,2026-02-04,8.0,1.59126,SEK,SEK/kWh
SE1,2026-02-04 08:45:00+01:00,2026-02-04 09:00:00+01:00,2026-02-04,8.0,1.40862,SEK,SEK/kWh
SE1,2026-02-04 09:00:00+01:00,2026-02-04 09:15:00+01:00,2026-02-04,9.0,1.40598,SEK,SEK/kWh
SE1,2026-02-04 09:15:00+01:00,2026-02-04 09:30:00+01:00,2026-02-04,9.0,1.27198,SEK,SEK/kWh
SE1,2026-02-04 09:30:00+01:00,2026-02-04 09:45:00+01:00,2026-02-04,9.0,1.23568,SEK,SEK/kWh
SE1,2026-02-04 09:45:00+01:00,2026-02-04 10:00:00+01:00,2026-02-04,9.0,1.1959,SEK,SEK/kWh
SE1,2026-02-04 10:00:00+01:00,2026-02-04 10:15:00+01:00,2026-02-04,10.0,1.25319,SEK,SEK/kWh
SE1,2026-02-04 10:15:00+01:00,2026-02-04 10:30:00+01:00,2026-02-04,10.0,1.19115,SEK,SEK/kWh
SE1,2026-02-04 10:30:00+01:00,2026-02-04 10:45:00+01:00,2026-02-04,10.0,1.11012,SEK,SEK/kWh
SE1,2026-02-04 10:45:00+01:00,2026-02-04 11:00:00+01:00,2026-02-04,10.0,1.07466,SEK,SEK/kWh
SE1,2026-02-04 11:00:00+01:00,2026-02-04 11:15:00+01:00,2026-02-04,11.0,1.15992,SEK,SEK/kWh
SE1,2026-02-04 11:15:00+01:00,2026-02-04 11:30:00+01:00,2026-02-04,11.0,1.15802,SEK,SEK/kWh
SE1,2026-02-04 11:30:00+01:00,2026-02-04 11:45:00+01:00,2026-02-04,11.0,1.1519,SEK,SEK/kWh
SE1,2026-02-04 11:45:00+01:00,2026-02-04 12:00:00+01:00,2026-02-04,11.0,1.13692,SEK,SEK/kWh
SE1,2026-02-04 12:00:00+01:00,2026-02-04 12:15:00+01:00,2026-02-04,12.0,1.07983,SEK,SEK/kWh
SE1,2026-02-04 12:15:00+01:00,2026-02-04 12:30:00+01:00,2026-02-04,12.0,1.06506,SEK,SEK/kWh
SE1,2026-02-04 12:30:00+01:00,2026-02-04 12:45:00+01:00,2026-02-04,12.0,1.05346,SEK,SEK/kWh
SE1,2026-02-04 12:45:00+01:00,2026-02-04 13:00:00+01:00,2026-02-04,12.0,1.05187,SEK,SEK/kWh
SE1,2026-02-04 13:00:00+01:00,2026-02-04 13:15:00+01:00,2026-02-04,13.0,1.05208,SEK,SEK/kWh
SE1,2026-02-04 13:15:00+01:00,2026-02-04 13:30:00+01:00,2026-02-04,13.0,1.04829,SEK,SEK/kWh
SE1,2026-02-04 13:30:00+01:00,2026-02-04 13:45:00+01:00,2026-02-04,13.0,1.04744,SEK,SEK/kWh
SE1,2026-02-04 13:45:00+01:00,2026-02-04 14:00:00+01:00,2026-02-04,13.0,1.06285,SEK,SEK/kWh
SE1,2026-02-04 14:00:00+01:00,2026-02-04 14:15:00+01:00,2026-02-04,14.0,1.05546,SEK,SEK/kWh
SE1,2026-02-04 14:15:00+01:00,2026-02-04 14:30:00+01:00,2026-02-04,14.0,1.05958,SEK,SEK/kWh
SE1,2026-02-04 14:30:00+01:00,2026-02-04 14:45:00+01:00,2026-02-04,14.0,1.06928,SEK,SEK/kWh
SE1,2026-02-04 14:45:00+01:00,2026-02-04 15:00:00+01:00,2026-02-04,14.0,1.08754,SEK,SEK/kWh
SE1,2026-02-04 15:00:00+01:00,2026-02-04 15:15:00+01:00,2026-02-04,15.0,1.04976,SEK,SEK/kWh
SE1,2026-02-04 15:15:00+01:00,2026-02-04 15:30:00+01:00,2026-02-04,15.0,1.08711,SEK,SEK/kWh
SE1,2026-02-04 15:30:00+01:00,2026-02-04 15:45:00+01:00,2026-02-04,15.0,1.11413,SEK,SEK/kWh
SE1,2026-02-04 15:45:00+01:00,2026-02-04 16:00:00+01:00,2026-02-04,15.0,1.13766,SEK,SEK/kWh
SE1,2026-02-04 16:00:00+01:00,2026-02-04 16:15:00+01:00,2026-02-04,16.0,1.106,SEK,SEK/kWh
SE1,2026-02-04 16:15:00+01:00,2026-02-04 16:30:00+01:00,2026-02-04,16.0,1.07751,SEK,SEK/kWh
SE1,2026-02-04 16:30:00+01:00,2026-02-04 16:45:00+01:00,2026-02-04,16.0,0.99627,SEK,SEK/kWh
SE1,2026-02-04 16:45:00+01:00,2026-02-04 17:00:00+01:00,2026-02-04,16.0,0.99616,SEK,SEK/kWh
SE1,2026-02-04 17:00:00+01:00,2026-02-04 17:15:00+01:00,2026-02-04,17.0,1.0083,SEK,SEK/kWh
SE1,2026-02-04 17:15:00+01:00,2026-02-04 17:30:00+01:00,2026-02-04,17.0,0.9892,SEK,SEK/kWh
SE1,2026-02-04 17:30:00+01:00,2026-02-04 17:45:00+01:00,2026-02-04,17.0,0.92462,SEK,SEK/kWh
SE1,2026-02-04 17:45:00+01:00,2026-02-04 18:00:00+01:00,2026-02-04,17.0,0.9012,SEK,SEK/kWh
SE1,2026-02-04 18:00:00+01:00,2026-02-04 18:15:00+01:00,2026-02-04,18.0,0.98266,SEK,SEK/kWh
SE1,2026-02-04 18:15:00+01:00,2026-02-04 18:30:00+01:00,2026-02-04,18.0,0.96926,SEK,SEK/kWh
SE1,2026-02-04 18:30:00+01:00,2026-02-04 18:45:00+01:00,2026-02-04,18.0,0.96546,SEK,SEK/kWh
SE1,2026-02-04 18:45:00+01:00,2026-02-04 19:00:00+01:00,2026-02-04,18.0,0.91333,SEK,SEK/kWh
SE1,2026-02-04 19:00:00+01:00,2026-02-04 19:15:00+01:00,2026-02-04,19.0,0.951,SEK,SEK/kWh
SE1,2026-02-04 19:15:00+01:00,2026-02-04 19:30:00+01:00,2026-02-04,19.0,0.96124,SEK,SEK/kWh
SE1,2026-02-04 19:30:00+01:00,2026-02-04 19:45:00+01:00,2026-02-04,19.0,0.95406,SEK,SEK/kWh
SE1,2026-02-04 19:45:00+01:00,2026-02-04 20:00:00+01:00,2026-02-04,19.0,0.93359,SEK,SEK/kWh
SE1,2026-02-04 20:00:00+01:00,2026-02-04 20:15:00+01:00,2026-02-04,20.0,0.96345,SEK,SEK/kWh
SE1,2026-02-04 20:15:00+01:00,2026-02-04 20:30:00+01:00,2026-02-04,20.0,0.91692,SEK,SEK/kWh
SE1,2026-02-04 20:30:00+01:00,2026-02-04 20:45:00+01:00,2026-02-04,20.0,0.90109,SEK,SEK/kWh
SE1,2026-02-04 20:45:00+01:00,2026-02-04 21:00:00+01:00,2026-02-04,20.0,0.884,SEK,SEK/kWh
SE1,2026-02-04 21:00:00+01:00,2026-02-04 21:15:00+01:00,2026-02-04,21.0,0.98582,SEK,SEK/kWh
SE1,2026-02-04 21:15:00+01:00,2026-02-04 21:30:00+01:00,2026-02-04,21.0,0.96472,SEK,SEK/kWh
SE1,2026-02-04 21:30:00+01:00,2026-02-04 21:45:00+01:00,2026-02-04,21.0,0.94446,SEK,SEK/kWh
SE1,2026-02-04 21:45:00+01:00,2026-02-04 22:00:00+01:00,2026-02-04,21.0,0.93844,SEK,SEK/kWh
SE1,2026-02-04 22:00:00+01:00,2026-02-04 22:15:00+01:00,2026-02-04,22.0,1.00629,SEK,SEK/kWh
SE1,2026-02-04 22:15:00+01:00,2026-02-04 22:30:00+01:00,2026-02-04,22.0,0.96978,SEK,SEK/kWh
SE1,2026-02-04 22:30:00+01:00,2026-02-04 22:45:00+01:00,2026-02-04,22.0,0.95301,SEK,SEK/kWh
SE1,2026-02-04 22:45:00+01:00,2026-02-04 23:00:00+01:00,2026-02-04,22.0,0.84306,SEK,SEK/kWh
SE1,2026-02-04 23:00:00+01:00,2026-02-04 23:15:00+01:00,2026-02-04,23.0,0.95385,SEK,SEK/kWh
SE1,2026-02-04 23:15:00+01:00,2026-02-04 23:30:00+01:00,2026-02-04,23.0,0.88463,SEK,SEK/kWh
SE1,2026-02-04 23:30:00+01:00,2026-02-04 23:45:00+01:00,2026-02-04,23.0,0.82248,SEK,SEK/kWh
SE1,2026-02-04 23:45:00+01:00,2026-02-05 00:00:00+01:00,2026-02-04,23.0,0.73649,SEK,SEK/kWh
SE1,2026-02-05 00:00:00+01:00,2026-02-05 00:15:00+01:00,2026-02-05,0.0,0.98369,SEK,SEK/kWh
SE1,2026-02-05 00:15:00+01:00,2026-02-05 00:30:00+01:00,2026-02-05,0.0,0.92755,SEK,SEK/kWh
SE1,2026-02-05 00:30:00+01:00,2026-02-05 00:45:00+01:00,2026-02-05,0.0,0.89129,SEK,SEK/kWh
SE1,2026-02-05 00:45:00+01:00,2026-02-05 01:00:00+01:00,2026-02-05,0.0,0.88367,SEK,SEK/kWh
SE1,2026-02-05 01:00:00+01:00,2026-02-05 01:15:00+01:00,2026-02-05,1.0,0.92554,SEK,SEK/kWh
SE1,2026-02-05 01:15:00+01:00,2026-02-05 01:30:00+01:00,2026-02-05,1.0,0.91529,SEK,SEK/kWh
SE1,2026-02-05 01:30:00+01:00,2026-02-05 01:45:00+01:00,2026-02-05,1.0,0.90493,SEK,SEK/kWh
SE1,2026-02-05 01:45:00+01:00,2026-02-05 02:00:00+01:00,2026-02-05,1.0,0.8694,SEK,SEK/kWh
SE1,2026-02-05 02:00:00+01:00,2026-02-05 02:15:00+01:00,2026-02-05,2.0,0.89044,SEK,SEK/kWh
SE1,2026-02-05 02:15:00+01:00,2026-02-05 02:30:00+01:00,2026-02-05,2.0,0.87596,SEK,SEK/kWh
SE1,2026-02-05 02:30:00+01:00,2026-02-05 02:45:00+01:00,2026-02-05,2.0,0.89203,SEK,SEK/kWh
SE1,2026-02-05 02:45:00+01:00,2026-02-05 03:00:00+01:00,2026-02-05,2.0,0.87511,SEK,SEK/kWh
SE1,2026-02-05 03:00:00+01:00,2026-02-05 03:15:00+01:00,2026-02-05,3.0,0.85735,SEK,SEK/kWh
SE1,2026-02-05 03:15:00+01:00,2026-02-05 03:30:00+01:00,2026-02-05,3.0,0.87046,SEK,SEK/kWh
SE1,2026-02-05 03:30:00+01:00,2026-02-05 03:45:00+01:00,2026-02-05,3.0,0.8786,SEK,SEK/kWh
SE1,2026-02-05 03:45:00+01:00,2026-02-05 04:00:00+01:00,2026-02-05,3.0,0.87871,SEK,SEK/kWh
SE1,2026-02-05 04:00:00+01:00,2026-02-05 04:15:00+01:00,2026-02-05,4.0,0.84413,SEK,SEK/kWh
SE1,2026-02-05 04:15:00+01:00,2026-02-05 04:30:00+01:00,2026-02-05,4.0,0.85925,SEK,SEK/kWh
SE1,2026-02-05 04:30:00+01:00,2026-02-05 04:45:00+01:00,2026-02-05,4.0,0.87458,SEK,SEK/kWh
SE1,2026-02-05 04:45:00+01:00,2026-02-05 05:00:00+01:00,2026-02-05,4.0,0.90778,SEK,SEK/kWh
SE1,2026-02-05 05:00:00+01:00,2026-02-05 05:15:00+01:00,2026-02-05,5.0,0.85238,SEK,SEK/kWh
SE1,2026-02-05 05:15:00+01:00,2026-02-05 05:30:00+01:00,2026-02-05,5.0,0.87638,SEK,SEK/kWh
SE1,2026-02-05 05:30:00+01:00,2026-02-05 05:45:00+01:00,2026-02-05,5.0,0.92681,SEK,SEK/kWh
SE1,2026-02-05 05:45:00+01:00,2026-02-05 06:00:00+01:00,2026-02-05,5.0,1.00526,SEK,SEK/kWh
SE1,2026-02-05 06:00:00+01:00,2026-02-05 06:15:00+01:00,2026-02-05,6.0,0.86094,SEK,SEK/kWh
SE1,2026-02-05 06:15:00+01:00,2026-02-05 06:30:00+01:00,2026-02-05,6.0,1.01658,SEK,SEK/kWh
SE1,2026-02-05 06:30:00+01:00,2026-02-05 06:45:00+01:00,2026-02-05,6.0,1.10475,SEK,SEK/kWh
SE1,2026-02-05 06:45:00+01:00,2026-02-05 07:00:00+01:00,2026-02-05,6.0,1.14313,SEK,SEK/kWh
SE1,2026-02-05 07:00:00+01:00,2026-02-05 07:15:00+01:00,2026-02-05,7.0,1.05992,SEK,SEK/kWh
SE1,2026-02-05 07:15:00+01:00,2026-02-05 07:30:00+01:00,2026-02-05,7.0,1.21386,SEK,SEK/kWh
SE1,2026-02-05 07:30:00+01:00,2026-02-05 07:45:00+01:00,2026-02-05,7.0,1.22771,SEK,SEK/kWh
SE1,2026-02-05 07:45:00+01:00,2026-02-05 08:00:00+01:00,2026-02-05,7.0,1.26451,SEK,SEK/kWh
SE1,2026-02-05 08:00:00+01:00,2026-02-05 08:15:00+01:00,2026-02-05,8.0,1.15614,SEK,SEK/kWh
SE1,2026-02-05 08:15:00+01:00,2026-02-05 08:30:00+01:00,2026-02-05,8.0,1.22074,SEK,SEK/kWh
SE1,2026-02-05 08:30:00+01:00,2026-02-05 08:45:00+01:00,2026-02-05,8.0,1.31832,SEK,SEK/kWh
SE1,2026-02-05 08:45:00+01:00,2026-02-05 09:00:00+01:00,2026-02-05,8.0,1.37235,SEK,SEK/kWh
SE1,2026-02-05 09:00:00+01:00,2026-02-05 09:15:00+01:00,2026-02-05,9.0,1.31885,SEK,SEK/kWh
SE1,2026-02-05 09:15:00+01:00,2026-02-05 09:30:00+01:00,2026-02-05,9.0,1.31325,SEK,SEK/kWh
SE1,2026-02-05 09:30:00+01:00,2026-02-05 09:45:00+01:00,2026-02-05,9.0,1.43642,SEK,SEK/kWh
SE1,2026-02-05 09:45:00+01:00,2026-02-05 10:00:00+01:00,2026-02-05,9.0,1.47723,SEK,SEK/kWh
SE1,2026-02-05 10:00:00+01:00,2026-02-05 10:15:00+01:00,2026-02-05,10.0,1.46729,SEK,SEK/kWh
SE1,2026-02-05 10:15:00+01:00,2026-02-05 10:30:00+01:00,2026-02-05,10.0,1.42543,SEK,SEK/kWh
SE1,2026-02-05 10:30:00+01:00,2026-02-05 10:45:00+01:00,2026-02-05,10.0,1.43452,SEK,SEK/kWh
SE1,2026-02-05 10:45:00+01:00,2026-02-05 11:00:00+01:00,2026-02-05,10.0,1.40724,SEK,SEK/kWh
SE1,2026-02-05 11:00:00+01:00,2026-02-05 11:15:00+01:00,2026-02-05,11.0,1.33535,SEK,SEK/kWh
SE1,2026-02-05 11:15:00+01:00,2026-02-05 11:30:00+01:00,2026-02-05,11.0,1.34169,SEK,SEK/kWh
SE1,2026-02-05 11:30:00+01:00,2026-02-05 11:45:00+01:00,2026-02-05,11.0,1.41306,SEK,SEK/kWh
SE1,2026-02-05 11:45:00+01:00,2026-02-05 12:00:00+01:00,2026-02-05,11.0,1.40798,SEK,SEK/kWh
SE1,2026-02-05 12:00:00+01:00,2026-02-05 12:15:00+01:00,2026-02-05,12.0,1.22951,SEK,SEK/kWh
SE1,2026-02-05 12:15:00+01:00,2026-02-05 12:30:00+01:00,2026-02-05,12.0,1.25848,SEK,SEK/kWh
SE1,2026-02-05 12:30:00+01:00,2026-02-05 12:45:00+01:00,2026-02-05,12.0,1.35543,SEK,SEK/kWh
SE1,2026-02-05 12:45:00+01:00,2026-02-05 13:00:00+01:00,2026-02-05,12.0,1.34063,SEK,SEK/kWh
SE1,2026-02-05 13:00:00+01:00,2026-02-05 13:15:00+01:00,2026-02-05,13.0,1.20033,SEK,SEK/kWh
SE1,2026-02-05 13:15:00+01:00,2026-02-05 13:30:00+01:00,2026-02-05,13.0,1.2348,SEK,SEK/kWh
SE1,2026-02-05 13:30:00+01:00,2026-02-05 13:45:00+01:00,2026-02-05,13.0,1.30553,SEK,SEK/kWh
SE1,2026-02-05 13:45:00+01:00,2026-02-05 14:00:00+01:00,2026-02-05,13.0,1.32266,SEK,SEK/kWh
SE1,2026-02-05 14:00:00+01:00,2026-02-05 14:15:00+01:00,2026-02-05,14.0,1.27783,SEK,SEK/kWh
SE1,2026-02-05 14:15:00+01:00,2026-02-05 14:30:00+01:00,2026-02-05,14.0,1.29707,SEK,SEK/kWh
SE1,2026-02-05 14:30:00+01:00,2026-02-05 14:45:00+01:00,2026-02-05,14.0,1.26123,SEK,SEK/kWh
SE1,2026-02-05 14:45:00+01:00,2026-02-05 15:00:00+01:00,2026-02-05,14.0,1.21947,SEK,SEK/kWh
SE1,2026-02-05 15:00:00+01:00,2026-02-05 15:15:00+01:00,2026-02-05,15.0,1.25436,SEK,SEK/kWh
SE1,2026-02-05 15:15:00+01:00,2026-02-05 15:30:00+01:00,2026-02-05,15.0,1.30109,SEK,SEK/kWh
SE1,2026-02-05 15:30:00+01:00,2026-02-05 15:45:00+01:00,2026-02-05,15.0,1.36992,SEK,SEK/kWh
SE1,2026-02-05 15:45:00+01:00,2026-02-05 16:00:00+01:00,2026-02-05,15.0,1.46729,SEK,SEK/kWh
SE1,2026-02-05 16:00:00+01:00,2026-02-05 16:15:00+01:00,2026-02-05,16.0,1.36622,SEK,SEK/kWh
SE1,2026-02-05 16:15:00+01:00,2026-02-05 16:30:00+01:00,2026-02-05,16.0,1.43113,SEK,SEK/kWh
SE1,2026-02-05 16:30:00+01:00,2026-02-05 16:45:00+01:00,2026-02-05,16.0,1.50314,SEK,SEK/kWh
SE1,2026-02-05 16:45:00+01:00,2026-02-05 17:00:00+01:00,2026-02-05,16.0,1.49129,SEK,SEK/kWh
SE1,2026-02-05 17:00:00+01:00,2026-02-05 17:15:00+01:00,2026-02-05,17.0,1.50578,SEK,SEK/kWh
SE1,2026-02-05 17:15:00+01:00,2026-02-05 17:30:00+01:00,2026-02-05,17.0,1.55209,SEK,SEK/kWh
SE1,2026-02-05 17:30:00+01:00,2026-02-05 17:45:00+01:00,2026-02-05,17.0,1.66659,SEK,SEK/kWh
SE1,2026-02-05 17:45:00+01:00,2026-02-05 18:00:00+01:00,2026-02-05,17.0,1.69165,SEK,SEK/kWh
SE1,2026-02-05 18:00:00+01:00,2026-02-05 18:15:00+01:00,2026-02-05,18.0,1.6243,SEK,SEK/kWh
SE1,2026-02-05 18:15:00+01:00,2026-02-05 18:30:00+01:00,2026-02-05,18.0,1.56097,SEK,SEK/kWh
SE1,2026-02-05 18:30:00+01:00,2026-02-05 18:45:00+01:00,2026-02-05,18.0,1.58486,SEK,SEK/kWh
SE1,2026-02-05 18:45:00+01:00,2026-02-05 19:00:00+01:00,2026-02-05,18.0,1.54141,SEK,SEK/kWh
SE1,2026-02-05 19:00:00+01:00,2026-02-05 19:15:00+01:00,2026-02-05,19.0,1.61711,SEK,SEK/kWh
SE1,2026-02-05 19:15:00+01:00,2026-02-05 19:30:00+01:00,2026-02-05,19.0,1.53062,SEK,SEK/kWh
SE1,2026-02-05 19:30:00+01:00,2026-02-05 19:45:00+01:00,2026-02-05,19.0,1.49732,SEK,SEK/kWh
SE1,2026-02-05 19:45:00+01:00,2026-02-05 20:00:00+01:00,2026-02-05,19.0,1.41528,SEK,SEK/kWh
SE1,2026-02-05 20:00:00+01:00,2026-02-05 20:15:00+01:00,2026-02-05,20.0,1.43832,SEK,SEK/kWh
SE1,2026-02-05 20:15:00+01:00,2026-02-05 20:30:00+01:00,2026-02-05,20.0,1.35512,SEK,SEK/kWh
SE1,2026-02-05 20:30:00+01:00,2026-02-05 20:45:00+01:00,2026-02-05,20.0,1.25964,SEK,SEK/kWh
SE1,2026-02-05 20:45:00+01:00,2026-02-05 21:00:00+01:00,2026-02-05,20.0,1.16999,SEK,SEK/kWh
SE1,2026-02-05 21:00:00+01:00,2026-02-05 21:15:00+01:00,2026-02-05,21.0,1.19843,SEK,SEK/kWh
SE1,2026-02-05 21:15:00+01:00,2026-02-05 21:30:00+01:00,2026-02-05,21.0,1.15275,SEK,SEK/kWh
SE1,2026-02-05 21:30:00+01:00,2026-02-05 21:45:00+01:00,2026-02-05,21.0,1.13118,SEK,SEK/kWh
SE1,2026-02-05 21:45:00+01:00,2026-02-05 22:00:00+01:00,2026-02-05,21.0,1.1001,SEK,SEK/kWh
SE1,2026-02-05 22:00:00+01:00,2026-02-05 22:15:00+01:00,2026-02-05,22.0,1.14377,SEK,SEK/kWh
SE1,2026-02-05 22:15:00+01:00,2026-02-05 22:30:00+01:00,2026-02-05,22.0,1.12569,SEK,SEK/kWh
SE1,2026-02-05 22:30:00+01:00,2026-02-05 22:45:00+01:00,2026-02-05,22.0,1.10179,SEK,SEK/kWh
SE1,2026-02-05 22:45:00+01:00,2026-02-05 23:00:00+01:00,2026-02-05,22.0,1.08424,SEK,SEK/kWh
SE1,2026-02-05 23:00:00+01:00,2026-02-05 23:15:00+01:00,2026-02-05,23.0,1.12389,SEK,SEK/kWh
SE1,2026-02-05 23:15:00+01:00,2026-02-05 23:30:00+01:00,2026-02-05,23.0,1.07187,SEK,SEK/kWh
SE1,2026-02-05 23:30:00+01:00,2026-02-05 23:45:00+01:00,2026-02-05,23.0,1.03846,SEK,SEK/kWh
SE1,2026-02-05 23:45:00+01:00,2026-02-06 00:00:00+01:00,2026-02-05,23.0,0.98634,SEK,SEK/kWh
SE1,2026-02-06 00:00:00+01:00,2026-02-06 00:15:00+01:00,2026-02-06,0.0,1.06918,SEK,SEK/kWh
SE1,2026-02-06 00:15:00+01:00,2026-02-06 00:30:00+01:00,2026-02-06,0.0,1.05122,SEK,SEK/kWh
SE1,2026-02-06 00:30:00+01:00,2026-02-06 00:45:00+01:00,2026-02-06,0.0,1.05079,SEK,SEK/kWh
SE1,2026-02-06 00:45:00+01:00,2026-02-06 01:00:00+01:00,2026-02-06,0.0,1.05526,SEK,SEK/kWh
SE1,2026-02-06 01:00:00+01:00,2026-02-06 01:15:00+01:00,2026-02-06,1.0,1.14026,SEK,SEK/kWh
SE1,2026-02-06 01:15:00+01:00,2026-02-06 01:30:00+01:00,2026-02-06,1.0,1.09043,SEK,SEK/kWh
SE1,2026-02-06 01:30:00+01:00,2026-02-06 01:45:00+01:00,2026-02-06,1.0,1.06099,SEK,SEK/kWh
SE1,2026-02-06 01:45:00+01:00,2026-02-06 02:00:00+01:00,2026-02-06,1.0,1.03762,SEK,SEK/kWh
SE1,2026-02-06 02:00:00+01:00,2026-02-06 02:15:00+01:00,2026-02-06,2.0,1.08001,SEK,SEK/kWh
SE1,2026-02-06 02:15:00+01:00,2026-02-06 02:30:00+01:00,2026-02-06,2.0,1.04782,SEK,SEK/kWh
SE1,2026-02-06 02:30:00+01:00,2026-02-06 02:45:00+01:00,2026-02-06,2.0,1.04166,SEK,SEK/kWh
SE1,2026-02-06 02:45:00+01:00,2026-02-06 03:00:00+01:00,2026-02-06,2.0,1.05983,SEK,SEK/kWh
SE1,2026-02-06 03:00:00+01:00,2026-02-06 03:15:00+01:00,2026-02-06,3.0,1.04835,SEK,SEK/kWh
SE1,2026-02-06 03:15:00+01:00,2026-02-06 03:30:00+01:00,2026-02-06,3.0,1.10116,SEK,SEK/kWh
SE1,2026-02-06 03:30:00+01:00,2026-02-06 03:45:00+01:00,2026-02-06,3.0,1.09064,SEK,SEK/kWh
SE1,2026-02-06 03:45:00+01:00,2026-02-06 04:00:00+01:00,2026-02-06,3.0,1.112,SEK,SEK/kWh
SE1,2026-02-06 04:00:00+01:00,2026-02-06 04:15:00+01:00,2026-02-06,4.0,1.0323,SEK,SEK/kWh
SE1,2026-02-06 04:15:00+01:00,2026-02-06 04:30:00+01:00,2026-02-06,4.0,1.10902,SEK,SEK/kWh
SE1,2026-02-06 04:30:00+01:00,2026-02-06 04:45:00+01:00,2026-02-06,4.0,1.14558,SEK,SEK/kWh
SE1,2026-02-06 04:45:00+01:00,2026-02-06 05:00:00+01:00,2026-02-06,4.0,1.25662,SEK,SEK/kWh
SE1,2026-02-06 05:00:00+01:00,2026-02-06 05:15:00+01:00,2026-02-06,5.0,1.09468,SEK,SEK/kWh
SE1,2026-02-06 05:15:00+01:00,2026-02-06 05:30:00+01:00,2026-02-06,5.0,1.21549,SEK,SEK/kWh
SE1,2026-02-06 05:30:00+01:00,2026-02-06 05:45:00+01:00,2026-02-06,5.0,1.25853,SEK,SEK/kWh
SE1,2026-02-06 05:45:00+01:00,2026-02-06 06:00:00+01:00,2026-02-06,5.0,1.46138,SEK,SEK/kWh
SE1,2026-02-06 06:00:00+01:00,2026-02-06 06:15:00+01:00,2026-02-06,6.0,1.07406,SEK,SEK/kWh
SE1,2026-02-06 06:15:00+01:00,2026-02-06 06:30:00+01:00,2026-02-06,6.0,1.10286,SEK,SEK/kWh
SE1,2026-02-06 06:30:00+01:00,2026-02-06 06:45:00+01:00,2026-02-06,6.0,1.16938,SEK,SEK/kWh
SE1,2026-02-06 06:45:00+01:00,2026-02-06 07:00:00+01:00,2026-02-06,6.0,1.28754,SEK,SEK/kWh
SE1,2026-02-06 07:00:00+01:00,2026-02-06 07:15:00+01:00,2026-02-06,7.0,1.22686,SEK,SEK/kWh
SE1,2026-02-06 07:15:00+01:00,2026-02-06 07:30:00+01:00,2026-02-06,7.0,1.32537,SEK,SEK/kWh
SE1,2026-02-06 07:30:00+01:00,2026-02-06 07:45:00+01:00,2026-02-06,7.0,1.46117,SEK,SEK/kWh
SE1,2026-02-06 07:45:00+01:00,2026-02-06 08:00:00+01:00,2026-02-06,7.0,1.5127,SEK,SEK/kWh
SE1,2026-02-06 08:00:00+01:00,2026-02-06 08:15:00+01:00,2026-02-06,8.0,1.44725,SEK,SEK/kWh
SE1,2026-02-06 08:15:00+01:00,2026-02-06 08:30:00+01:00,2026-02-06,8.0,1.52184,SEK,SEK/kWh
SE1,2026-02-06 08:30:00+01:00,2026-02-06 08:45:00+01:00,2026-02-06,8.0,1.54894,SEK,SEK/kWh
SE1,2026-02-06 08:45:00+01:00,2026-02-06 09:00:00+01:00,2026-02-06,8.0,1.56084,SEK,SEK/kWh
SE1,2026-02-06 09:00:00+01:00,2026-02-06 09:15:00+01:00,2026-02-06,9.0,1.57104,SEK,SEK/kWh
SE1,2026-02-06 09:15:00+01:00,2026-02-06 09:30:00+01:00,2026-02-06,9.0,1.56934,SEK,SEK/kWh
SE1,2026-02-06 09:30:00+01:00,2026-02-06 09:45:00+01:00,2026-02-06,9.0,1.50229,SEK,SEK/kWh
SE1,2026-02-06 09:45:00+01:00,2026-02-06 10:00:00+01:00,2026-02-06,9.0,1.47317,SEK,SEK/kWh
SE1,2026-02-06 10:00:00+01:00,2026-02-06 10:15:00+01:00,2026-02-06,10.0,1.5704,SEK,SEK/kWh
SE1,2026-02-06 10:15:00+01:00,2026-02-06 10:30:00+01:00,2026-02-06,10.0,1.52301,SEK,SEK/kWh
SE1,2026-02-06 10:30:00+01:00,2026-02-06 10:45:00+01:00,2026-02-06,10.0,1.4855,SEK,SEK/kWh
SE1,2026-02-06 10:45:00+01:00,2026-02-06 11:00:00+01:00,2026-02-06,10.0,1.45001,SEK,SEK/kWh
SE1,2026-02-06 11:00:00+01:00,2026-02-06 11:15:00+01:00,2026-02-06,11.0,1.52354,SEK,SEK/kWh
SE1,2026-02-06 11:15:00+01:00,2026-02-06 11:30:00+01:00,2026-02-06,11.0,1.49729,SEK,SEK/kWh
SE1,2026-02-06 11:30:00+01:00,2026-02-06 11:45:00+01:00,2026-02-06,11.0,1.46106,SEK,SEK/kWh
SE1,2026-02-06 11:45:00+01:00,2026-02-06 12:00:00+01:00,2026-02-06,11.0,1.40336,SEK,SEK/kWh
SE1,2026-02-06 12:00:00+01:00,2026-02-06 12:15:00+01:00,2026-02-06,12.0,1.43694,SEK,SEK/kWh
SE1,2026-02-06 12:15:00+01:00,2026-02-06 12:30:00+01:00,2026-02-06,12.0,1.40155,SEK,SEK/kWh
SE1,2026-02-06 12:30:00+01:00,2026-02-06 12:45:00+01:00,2026-02-06,12.0,1.41569,SEK,SEK/kWh
SE1,2026-02-06 12:45:00+01:00,2026-02-06 13:00:00+01:00,2026-02-06,12.0,1.36256,SEK,SEK/kWh
SE1,2026-02-06 13:00:00+01:00,2026-02-06 13:15:00+01:00,2026-02-06,13.0,1.42716,SEK,SEK/kWh
SE1,2026-02-06 13:15:00+01:00,2026-02-06 13:30:00+01:00,2026-02-06,13.0,1.3973,SEK,SEK/kWh
SE1,2026-02-06 13:30:00+01:00,2026-02-06 13:45:00+01:00,2026-02-06,13.0,1.35831,SEK,SEK/kWh
SE1,2026-02-06 13:45:00+01:00,2026-02-06 14:00:00+01:00,2026-02-06,13.0,1.30167,SEK,SEK/kWh
SE1,2026-02-06 14:00:00+01:00,2026-02-06 14:15:00+01:00,2026-02-06,14.0,1.25279,SEK,SEK/kWh
SE1,2026-02-06 14:15:00+01:00,2026-02-06 14:30:00+01:00,2026-02-06,14.0,1.24248,SEK,SEK/kWh
SE1,2026-02-06 14:30:00+01:00,2026-02-06 14:45:00+01:00,2026-02-06,14.0,1.28701,SEK,SEK/kWh
SE1,2026-02-06 14:45:00+01:00,2026-02-06 15:00:00+01:00,2026-02-06,14.0,1.33631,SEK,SEK/kWh
SE1,2026-02-06 15:00:00+01:00,2026-02-06 15:15:00+01:00,2026-02-06,15.0,1.22516,SEK,SEK/kWh
SE1,2026-02-06 15:15:00+01:00,2026-02-06 15:30:00+01:00,2026-02-06,15.0,1.27574,SEK,SEK/kWh
SE1,2026-02-06 15:30:00+01:00,2026-02-06 15:45:00+01:00,2026-02-06,15.0,1.32484,SEK,SEK/kWh
SE1,2026-02-06 15:45:00+01:00,2026-02-06 16:00:00+01:00,2026-02-06,15.0,1.34343,SEK,SEK/kWh
SE1,2026-02-06 16:00:00+01:00,2026-02-06 16:15:00+01:00,2026-02-06,16.0,1.25311,SEK,SEK/kWh
SE1,2026-02-06 16:15:00+01:00,2026-02-06 16:30:00+01:00,2026-02-06,16.0,1.28956,SEK,SEK/kWh
SE1,2026-02-06 16:30:00+01:00,2026-02-06 16:45:00+01:00,2026-02-06,16.0,1.30953,SEK,SEK/kWh
SE1,2026-02-06 16:45:00+01:00,2026-02-06 17:00:00+01:00,2026-02-06,16.0,1.32792,SEK,SEK/kWh
SE1,2026-02-06 17:00:00+01:00,2026-02-06 17:15:00+01:00,2026-02-06,17.0,1.28148,SEK,SEK/kWh
SE1,2026-02-06 17:15:00+01:00,2026-02-06 17:30:00+01:00,2026-02-06,17.0,1.35384,SEK,SEK/kWh
SE1,2026-02-06 17:30:00+01:00,2026-02-06 17:45:00+01:00,2026-02-06,17.0,1.39497,SEK,SEK/kWh
SE1,2026-02-06 17:45:00+01:00,2026-02-06 18:00:00+01:00,2026-02-06,17.0,1.44863,SEK,SEK/kWh
SE1,2026-02-06 18:00:00+01:00,2026-02-06 18:15:00+01:00,2026-02-06,18.0,1.40708,SEK,SEK/kWh
SE1,2026-02-06 18:15:00+01:00,2026-02-06 18:30:00+01:00,2026-02-06,18.0,1.38275,SEK,SEK/kWh
SE1,2026-02-06 18:30:00+01:00,2026-02-06 18:45:00+01:00,2026-02-06,18.0,1.29795,SEK,SEK/kWh
SE1,2026-02-06 18:45:00+01:00,2026-02-06 19:00:00+01:00,2026-02-06,18.0,1.28584,SEK,SEK/kWh
SE1,2026-02-06 19:00:00+01:00,2026-02-06 19:15:00+01:00,2026-02-06,19.0,1.32016,SEK,SEK/kWh
SE1,2026-02-06 19:15:00+01:00,2026-02-06 19:30:00+01:00,2026-02-06,19.0,1.25056,SEK,SEK/kWh
SE1,2026-02-06 19:30:00+01:00,2026-02-06 19:45:00+01:00,2026-02-06,19.0,1.23898,SEK,SEK/kWh
SE1,2026-02-06 19:45:00+01:00,2026-02-06 20:00:00+01:00,2026-02-06,19.0,1.18117,SEK,SEK/kWh
SE1,2026-02-06 20:00:00+01:00,2026-02-06 20:15:00+01:00,2026-02-06,20.0,1.20657,SEK,SEK/kWh
SE1,2026-02-06 20:15:00+01:00,2026-02-06 20:30:00+01:00,2026-02-06,20.0,1.1443,SEK,SEK/kWh
SE1,2026-02-06 20:30:00+01:00,2026-02-06 20:45:00+01:00,2026-02-06,20.0,1.11349,SEK,SEK/kWh
SE1,2026-02-06 20:45:00+01:00,2026-02-06 21:00:00+01:00,2026-02-06,20.0,1.10467,SEK,SEK/kWh
SE1,2026-02-06 21:00:00+01:00,2026-02-06 21:15:00+01:00,2026-02-06,21.0,1.15174,SEK,SEK/kWh
SE1,2026-02-06 21:15:00+01:00,2026-02-06 21:30:00+01:00,2026-02-06,21.0,1.12804,SEK,SEK/kWh
SE1,2026-02-06 21:30:00+01:00,2026-02-06 21:45:00+01:00,2026-02-06,21.0,1.1035,SEK,SEK/kWh
SE1,2026-02-06 21:45:00+01:00,2026-02-06 22:00:00+01:00,2026-02-06,21.0,1.08363,SEK,SEK/kWh
SE1,2026-02-06 22:00:00+01:00,2026-02-06 22:15:00+01:00,2026-02-06,22.0,1.1103,SEK,SEK/kWh
SE1,2026-02-06 22:15:00+01:00,2026-02-06 22:30:00+01:00,2026-02-06,22.0,1.09765,SEK,SEK/kWh
SE1,2026-02-06 22:30:00+01:00,2026-02-06 22:45:00+01:00,2026-02-06,22.0,1.08788,SEK,SEK/kWh
SE1,2026-02-06 22:45:00+01:00,2026-02-06 23:00:00+01:00,2026-02-06,22.0,1.07948,SEK,SEK/kWh
SE1,2026-02-06 23:00:00+01:00,2026-02-06 23:15:00+01:00,2026-02-06,23.0,1.08735,SEK,SEK/kWh
SE1,2026-02-06 23:15:00+01:00,2026-02-06 23:30:00+01:00,2026-02-06,23.0,1.0729,SEK,SEK/kWh
SE1,2026-02-06 23:30:00+01:00,2026-02-06 23:45:00+01:00,2026-02-06,23.0,1.06312,SEK,SEK/kWh
SE1,2026-02-06 23:45:00+01:00,2026-02-07 00:00:00+01:00,2026-02-06,23.0,1.01913,SEK,SEK/kWh
SE1,2026-02-07 00:00:00+01:00,2026-02-07 00:15:00+01:00,2026-02-07,0.0,1.10482,SEK,SEK/kWh
SE1,2026-02-07 00:15:00+01:00,2026-02-07 00:30:00+01:00,2026-02-07,0.0,1.08722,SEK,SEK/kWh
SE1,2026-02-07 00:30:00+01:00,2026-02-07 00:45:00+01:00,2026-02-07,0.0,1.07197,SEK,SEK/kWh
SE1,2026-02-07 00:45:00+01:00,2026-02-07 01:00:00+01:00,2026-02-07,0.0,1.06471,SEK,SEK/kWh
SE1,2026-02-07 01:00:00+01:00,2026-02-07 01:15:00+01:00,2026-02-07,1.0,1.06898,SEK,SEK/kWh
SE1,2026-02-07 01:15:00+01:00,2026-02-07 01:30:00+01:00,2026-02-07,1.0,1.0533,SEK,SEK/kWh
SE1,2026-02-07 01:30:00+01:00,2026-02-07 01:45:00+01:00,2026-02-07,1.0,1.0741,SEK,SEK/kWh
SE1,2026-02-07 01:45:00+01:00,2026-02-07 02:00:00+01:00,2026-02-07,1.0,1.06951,SEK,SEK/kWh
SE1,2026-02-07 02:00:00+01:00,2026-02-07 02:15:00+01:00,2026-02-07,2.0,1.06823,SEK,SEK/kWh
SE1,2026-02-07 02:15:00+01:00,2026-02-07 02:30:00+01:00,2026-02-07,2.0,1.06034,SEK,SEK/kWh
SE1,2026-02-07 02:30:00+01:00,2026-02-07 02:45:00+01:00,2026-02-07,2.0,1.03357,SEK,SEK/kWh
SE1,2026-02-07 02:45:00+01:00,2026-02-07 03:00:00+01:00,2026-02-07,2.0,1.02098,SEK,SEK/kWh
SE1,2026-02-07 03:00:00+01:00,2026-02-07 03:15:00+01:00,2026-02-07,3.0,1.04775,SEK,SEK/kWh
SE1,2026-02-07 03:15:00+01:00,2026-02-07 03:30:00+01:00,2026-02-07,3.0,1.02909,SEK,SEK/kWh
SE1,2026-02-07 03:30:00+01:00,2026-02-07 03:45:00+01:00,2026-02-07,3.0,1.03794,SEK,SEK/kWh
SE1,2026-02-07 03:45:00+01:00,2026-02-07 04:00:00+01:00,2026-02-07,3.0,1.0181,SEK,SEK/kWh
SE1,2026-02-07 04:00:00+01:00,2026-02-07 04:15:00+01:00,2026-02-07,4.0,1.02215,SEK,SEK/kWh
SE1,2026-02-07 04:15:00+01:00,2026-02-07 04:30:00+01:00,2026-02-07,4.0,1.03005,SEK,SEK/kWh
SE1,2026-02-07 04:30:00+01:00,2026-02-07 04:45:00+01:00,2026-02-07,4.0,1.03239,SEK,SEK/kWh
SE1,2026-02-07 04:45:00+01:00,2026-02-07 05:00:00+01:00,2026-02-07,4.0,1.02759,SEK,SEK/kWh
SE1,2026-02-07 05:00:00+01:00,2026-02-07 05:15:00+01:00,2026-02-07,5.0,1.00839,SEK,SEK/kWh
SE1,2026-02-07 05:15:00+01:00,2026-02-07 05:30:00+01:00,2026-02-07,5.0,1.02749,SEK,SEK/kWh
SE1,2026-02-07 05:30:00+01:00,2026-02-07 05:45:00+01:00,2026-02-07,5.0,1.03165,SEK,SEK/kWh
SE1,2026-02-07 05:45:00+01:00,2026-02-07 06:00:00+01:00,2026-02-07,5.0,1.0453,SEK,SEK/kWh
SE1,2026-02-07 06:00:00+01:00,2026-02-07 06:15:00+01:00,2026-02-07,6.0,0.96209,SEK,SEK/kWh
SE1,2026-02-07 06:15:00+01:00,2026-02-07 06:30:00+01:00,2026-02-07,6.0,1.02354,SEK,SEK/kWh
SE1,2026-02-07 06:30:00+01:00,2026-02-07 06:45:00+01:00,2026-02-07,6.0,1.05554,SEK,SEK/kWh
SE1,2026-02-07 06:45:00+01:00,2026-02-07 07:00:00+01:00,2026-02-07,6.0,1.07592,SEK,SEK/kWh
SE1,2026-02-07 07:00:00+01:00,2026-02-07 07:15:00+01:00,2026-02-07,7.0,1.06941,SEK,SEK/kWh
SE1,2026-02-07 07:15:00+01:00,2026-02-07 07:30:00+01:00,2026-02-07,7.0,1.09192,SEK,SEK/kWh
SE1,2026-02-07 07:30:00+01:00,2026-02-07 07:45:00+01:00,2026-02-07,7.0,1.10941,SEK,SEK/kWh
SE1,2026-02-07 07:45:00+01:00,2026-02-07 08:00:00+01:00,2026-02-07,7.0,1.12403,SEK,SEK/kWh
SE1,2026-02-07 08:00:00+01:00,2026-02-07 08:15:00+01:00,2026-02-07,8.0,1.11752,SEK,SEK/kWh
SE1,2026-02-07 08:15:00+01:00,2026-02-07 08:30:00+01:00,2026-02-07,8.0,1.14749,SEK,SEK/kWh
SE1,2026-02-07 08:30:00+01:00,2026-02-07 08:45:00+01:00,2026-02-07,8.0,1.16701,SEK,SEK/kWh
SE1,2026-02-07 08:45:00+01:00,2026-02-07 09:00:00+01:00,2026-02-07,8.0,1.16744,SEK,SEK/kWh
SE1,2026-02-07 09:00:00+01:00,2026-02-07 09:15:00+01:00,2026-02-07,9.0,1.22654,SEK,SEK/kWh
SE1,2026-02-07 09:15:00+01:00,2026-02-07 09:30:00+01:00,2026-02-07,9.0,1.17363,SEK,SEK/kWh
SE1,2026-02-07 09:30:00+01:00,2026-02-07 09:45:00+01:00,2026-02-07,9.0,1.19912,SEK,SEK/kWh
SE1,2026-02-07 09:45:00+01:00,2026-02-07 10:00:00+01:00,2026-02-07,9.0,1.16691,SEK,SEK/kWh
SE1,2026-02-07 10:00:00+01:00,2026-02-07 10:15:00+01:00,2026-02-07,10.0,1.20616,SEK,SEK/kWh
SE1,2026-02-07 10:15:00+01:00,2026-02-07 10:30:00+01:00,2026-02-07,10.0,1.16616,SEK,SEK/kWh
SE1,2026-02-07 10:30:00+01:00,2026-02-07 10:45:00+01:00,2026-02-07,10.0,1.14909,SEK,SEK/kWh
SE1,2026-02-07 10:45:00+01:00,2026-02-07 11:00:00+01:00,2026-02-07,10.0,1.13075,SEK,SEK/kWh
SE1,2026-02-07 11:00:00+01:00,2026-02-07 11:15:00+01:00,2026-02-07,11.0,1.1396,SEK,SEK/kWh
SE1,2026-02-07 11:15:00+01:00,2026-02-07 11:30:00+01:00,2026-02-07,11.0,1.12829,SEK,SEK/kWh
SE1,2026-02-07 11:30:00+01:00,2026-02-07 11:45:00+01:00,2026-02-07,11.0,1.10632,SEK,SEK/kWh
SE1,2026-02-07 11:45:00+01:00,2026-02-07 12:00:00+01:00,2026-02-07,11.0,1.08392,SEK,SEK/kWh
SE1,2026-02-07 12:00:00+01:00,2026-02-07 12:15:00+01:00,2026-02-07,12.0,1.10557,SEK,SEK/kWh
SE1,2026-02-07 12:15:00+01:00,2026-02-07 12:30:00+01:00,2026-02-07,12.0,1.07869,SEK,SEK/kWh
SE1,2026-02-07 12:30:00+01:00,2026-02-07 12:45:00+01:00,2026-02-07,12.0,1.07186,SEK,SEK/kWh
SE1,2026-02-07 12:45:00+01:00,2026-02-07 13:00:00+01:00,2026-02-07,12.0,1.06653,SEK,SEK/kWh
SE1,2026-02-07 13:00:00+01:00,2026-02-07 13:15:00+01:00,2026-02-07,13.0,1.0709,SEK,SEK/kWh
SE1,2026-02-07 13:15:00+01:00,2026-02-07 13:30:00+01:00,2026-02-07,13.0,1.06258,SEK,SEK/kWh
SE1,2026-02-07 13:30:00+01:00,2026-02-07 13:45:00+01:00,2026-02-07,13.0,1.05575,SEK,SEK/kWh
SE1,2026-02-07 13:45:00+01:00,2026-02-07 14:00:00+01:00,2026-02-07,13.0,1.0836,SEK,SEK/kWh
SE1,2026-02-07 14:00:00+01:00,2026-02-07 14:15:00+01:00,2026-02-07,14.0,1.10504,SEK,SEK/kWh
SE1,2026-02-07 14:15:00+01:00,2026-02-07 14:30:00+01:00,2026-02-07,14.0,1.11165,SEK,SEK/kWh
SE1,2026-02-07 14:30:00+01:00,2026-02-07 14:45:00+01:00,2026-02-07,14.0,1.12637,SEK,SEK/kWh
SE1,2026-02-07 14:45:00+01:00,2026-02-07 15:00:00+01:00,2026-02-07,14.0,1.14845,SEK,SEK/kWh
SE1,2026-02-07 15:00:00+01:00,2026-02-07 15:15:00+01:00,2026-02-07,15.0,1.10653,SEK,SEK/kWh
SE1,2026-02-07 15:15:00+01:00,2026-02-07 15:30:00+01:00,2026-02-07,15.0,1.12435,SEK,SEK/kWh
SE1,2026-02-07 15:30:00+01:00,2026-02-07 15:45:00+01:00,2026-02-07,15.0,1.1892,SEK,SEK/kWh
SE1,2026-02-07 15:45:00+01:00,2026-02-07 16:00:00+01:00,2026-02-07,15.0,1.21929,SEK,SEK/kWh
SE1,2026-02-07 16:00:00+01:00,2026-02-07 16:15:00+01:00,2026-02-07,16.0,1.17406,SEK,SEK/kWh
SE1,2026-02-07 16:15:00+01:00,2026-02-07 16:30:00+01:00,2026-02-07,16.0,1.25257,SEK,SEK/kWh
SE1,2026-02-07 16:30:00+01:00,2026-02-07 16:45:00+01:00,2026-02-07,16.0,1.32425,SEK,SEK/kWh
SE1,2026-02-07 16:45:00+01:00,2026-02-07 17:00:00+01:00,2026-02-07,16.0,1.39796,SEK,SEK/kWh
SE1,2026-02-07 17:00:00+01:00,2026-02-07 17:15:00+01:00,2026-02-07,17.0,1.29278,SEK,SEK/kWh
SE1,2026-02-07 17:15:00+01:00,2026-02-07 17:30:00+01:00,2026-02-07,17.0,1.33727,SEK,SEK/kWh
SE1,2026-02-07 17:30:00+01:00,2026-02-07 17:45:00+01:00,2026-02-07,17.0,1.4018,SEK,SEK/kWh
SE1,2026-02-07 17:45:00+01:00,2026-02-07 18:00:00+01:00,2026-02-07,17.0,1.45333,SEK,SEK/kWh
SE1,2026-02-07 18:00:00+01:00,2026-02-07 18:15:00+01:00,2026-02-07,18.0,1.44757,SEK,SEK/kWh
SE1,2026-02-07 18:15:00+01:00,2026-02-07 18:30:00+01:00,2026-02-07,18.0,1.42655,SEK,SEK/kWh
SE1,2026-02-07 18:30:00+01:00,2026-02-07 18:45:00+01:00,2026-02-07,18.0,1.40319,SEK,SEK/kWh
SE1,2026-02-07 18:45:00+01:00,2026-02-07 19:00:00+01:00,2026-02-07,18.0,1.38164,SEK,SEK/kWh
SE1,2026-02-07 19:00:00+01:00,2026-02-07 19:15:00+01:00,2026-02-07,19.0,1.36703,SEK,SEK/kWh
SE1,2026-02-07 19:15:00+01:00,2026-02-07 19:30:00+01:00,2026-02-07,19.0,1.37428,SEK,SEK/kWh
SE1,2026-02-07 19:30:00+01:00,2026-02-07 19:45:00+01:00,2026-02-07,19.0,1.31487,SEK,SEK/kWh
SE1,2026-02-07 19:45:00+01:00,2026-02-07 20:00:00+01:00,2026-02-07,19.0,1.24126,SEK,SEK/kWh
SE1,2026-02-07 20:00:00+01:00,2026-02-07 20:15:00+01:00,2026-02-07,20.0,1.29662,SEK,SEK/kWh
SE1,2026-02-07 20:15:00+01:00,2026-02-07 20:30:00+01:00,2026-02-07,20.0,1.20062,SEK,SEK/kWh
SE1,2026-02-07 20:30:00+01:00,2026-02-07 20:45:00+01:00,2026-02-07,20.0,1.17267,SEK,SEK/kWh
SE1,2026-02-07 20:45:00+01:00,2026-02-07 21:00:00+01:00,2026-02-07,20.0,1.11784,SEK,SEK/kWh
SE1,2026-02-07 21:00:00+01:00,2026-02-07 21:15:00+01:00,2026-02-07,21.0,1.14067,SEK,SEK/kWh
SE1,2026-02-07 21:15:00+01:00,2026-02-07 21:30:00+01:00,2026-02-07,21.0,1.12317,SEK,SEK/kWh
SE1,2026-02-07 21:30:00+01:00,2026-02-07 21:45:00+01:00,2026-02-07,21.0,1.09778,SEK,SEK/kWh
SE1,2026-02-07 21:45:00+01:00,2026-02-07 22:00:00+01:00,2026-02-07,21.0,1.08168,SEK,SEK/kWh
SE1,2026-02-07 22:00:00+01:00,2026-02-07 22:15:00+01:00,2026-02-07,22.0,1.11954,SEK,SEK/kWh
SE1,2026-02-07 22:15:00+01:00,2026-02-07 22:30:00+01:00,2026-02-07,22.0,1.1077,SEK,SEK/kWh
SE1,2026-02-07 22:30:00+01:00,2026-02-07 22:45:00+01:00,2026-02-07,22.0,1.09778,SEK,SEK/kWh
SE1,2026-02-07 22:45:00+01:00,2026-02-07 23:00:00+01:00,2026-02-07,22.0,1.02482,SEK,SEK/kWh
SE1,2026-02-07 23:00:00+01:00,2026-02-07 23:15:00+01:00,2026-02-07,23.0,1.10269,SEK,SEK/kWh
SE1,2026-02-07 23:15:00+01:00,2026-02-07 23:30:00+01:00,2026-02-07,23.0,1.06141,SEK,SEK/kWh
SE1,2026-02-07 23:30:00+01:00,2026-02-07 23:45:00+01:00,2026-02-07,23.0,0.9462,SEK,SEK/kWh
SE1,2026-02-07 23:45:00+01:00,2026-02-08 00:00:00+01:00,2026-02-07,23.0,0.8823,SEK,SEK/kWh
SE2,2026-02-01 00:00:00+01:00,2026-02-01 00:15:00+01:00,2026-02-01,0.0,0.51684,SEK,SEK/kWh
SE2,2026-02-01 00:15:00+01:00,2026-02-01 00:30:00+01:00,2026-02-01,0.0,0.51366,SEK,SEK/kWh
SE2,2026-02-01 00:30:00+01:00,2026-02-01 00:45:00+01:00,2026-02-01,0.0,0.51292,SEK,SEK/kWh
SE2,2026-02-01 00:45:00+01:00,2026-02-01 01:00:00+01:00,2026-02-01,0.0,0.50975,SEK,SEK/kWh
SE2,2026-02-01 01:00:00+01:00,2026-02-01 01:15:00+01:00,2026-02-01,1.0,0.51663,SEK,SEK/kWh
SE2,2026-02-01 01:15:00+01:00,2026-02-01 01:30:00+01:00,2026-02-01,1.0,0.51631,SEK,SEK/kWh
SE2,2026-02-01 01:30:00+01:00,2026-02-01 01:45:00+01:00,2026-02-01,1.0,0.51514,SEK,SEK/kWh
SE2,2026-02-01 01:45:00+01:00,2026-02-01 02:00:00+01:00,2026-02-01,1.0,0.5125,SEK,SEK/kWh
SE2,2026-02-01 02:00:00+01:00,2026-02-01 02:15:00+01:00,2026-02-01,2.0,0.5235,SEK,SEK/kWh
SE2,2026-02-01 02:15:00+01:00,2026-02-01 02:30:00+01:00,2026-02-01,2.0,0.51991,SEK,SEK/kWh
SE2,2026-02-01 02:30:00+01:00,2026-02-01 02:45:00+01:00,2026-02-01,2.0,0.52244,SEK,SEK/kWh
SE2,2026-02-01 02:45:00+01:00,2026-02-01 03:00:00+01:00,2026-02-01,2.0,0.51631,SEK,SEK/kWh
SE2,2026-02-01 03:00:00+01:00,2026-02-01 03:15:00+01:00,2026-02-01,3.0,0.51737,SEK,SEK/kWh
SE2,2026-02-01 03:15:00+01:00,2026-02-01 03:30:00+01:00,2026-02-01,3.0,0.51758,SEK,SEK/kWh
SE2,2026-02-01 03:30:00+01:00,2026-02-01 03:45:00+01:00,2026-02-01,3.0,0.52001,SEK,SEK/kWh
SE2,2026-02-01 03:45:00+01:00,2026-02-01 04:00:00+01:00,2026-02-01,3.0,0.53747,SEK,SEK/kWh
SE2,2026-02-01 04:00:00+01:00,2026-02-01 04:15:00+01:00,2026-02-01,4.0,0.54731,SEK,SEK/kWh
SE2,2026-02-01 04:15:00+01:00,2026-02-01 04:30:00+01:00,2026-02-01,4.0,0.55133,SEK,SEK/kWh
SE2,2026-02-01 04:30:00+01:00,2026-02-01 04:45:00+01:00,2026-02-01,4.0,0.57989,SEK,SEK/kWh
SE2,2026-02-01 04:45:00+01:00,2026-02-01 05:00:00+01:00,2026-02-01,4.0,0.60053,SEK,SEK/kWh
SE2,2026-02-01 05:00:00+01:00,2026-02-01 05:15:00+01:00,2026-02-01,5.0,0.58825,SEK,SEK/kWh
SE2,2026-02-01 05:15:00+01:00,2026-02-01 05:30:00+01:00,2026-02-01,5.0,0.60899,SEK,SEK/kWh
SE2,2026-02-01 05:30:00+01:00,2026-02-01 05:45:00+01:00,2026-02-01,5.0,0.66284,SEK,SEK/kWh
SE2,2026-02-01 05:45:00+01:00,2026-02-01 06:00:00+01:00,2026-02-01,5.0,0.69712,SEK,SEK/kWh
SE2,2026-02-01 06:00:00+01:00,2026-02-01 06:15:00+01:00,2026-02-01,6.0,0.59365,SEK,SEK/kWh
SE2,2026-02-01 06:15:00+01:00,2026-02-01 06:30:00+01:00,2026-02-01,6.0,0.65353,SEK,SEK/kWh
SE2,2026-02-01 06:30:00+01:00,2026-02-01 06:45:00+01:00,2026-02-01,6.0,0.70315,SEK,SEK/kWh
SE2,2026-02-01 06:45:00+01:00,2026-02-01 07:00:00+01:00,2026-02-01,6.0,0.71945,SEK,SEK/kWh
SE2,2026-02-01 07:00:00+01:00,2026-02-01 07:15:00+01:00,2026-02-01,7.0,0.64708,SEK,SEK/kWh
SE2,2026-02-01 07:15:00+01:00,2026-02-01 07:30:00+01:00,2026-02-01,7.0,0.66602,SEK,SEK/kWh
SE2,2026-02-01 07:30:00+01:00,2026-02-01 07:45:00+01:00,2026-02-01,7.0,0.69702,SEK,SEK/kWh
SE2,2026-02-01 07:45:00+01:00,2026-02-01 08:00:00+01:00,2026-02-01,7.0,0.69871,SEK,SEK/kWh
SE2,2026-02-01 08:00:00+01:00,2026-02-01 08:15:00+01:00,2026-02-01,8.0,0.62253,SEK,SEK/kWh
SE2,2026-02-01 08:15:00+01:00,2026-02-01 08:30:00+01:00,2026-02-01,8.0,0.64634,SEK,SEK/kWh
SE2,2026-02-01 08:30:00+01:00,2026-02-01 08:45:00+01:00,2026-02-01,8.0,0.68686,SEK,SEK/kWh
SE2,2026-02-01 08:45:00+01:00,2026-02-01 09:00:00+01:00,2026-02-01,8.0,0.80186,SEK,SEK/kWh
SE2,2026-02-01 09:00:00+01:00,2026-02-01 09:15:00+01:00,2026-02-01,9.0,0.63153,SEK,SEK/kWh
SE2,2026-02-01 09:15:00+01:00,2026-02-01 09:30:00+01:00,2026-02-01,9.0,0.67787,SEK,SEK/kWh
SE2,2026-02-01 09:30:00+01:00,2026-02-01 09:45:00+01:00,2026-02-01,9.0,0.69839,SEK,SEK/kWh
SE2,2026-02-01 09:45:00+01:00,2026-02-01 10:00:00+01:00,2026-02-01,9.0,0.75753,SEK,SEK/kWh
SE2,2026-02-01 10:00:00+01:00,2026-02-01 10:15:00+01:00,2026-02-01,10.0,0.69352,SEK,SEK/kWh
SE2,2026-02-01 10:15:00+01:00,2026-02-01 10:30:00+01:00,2026-02-01,10.0,0.69522,SEK,SEK/kWh
SE2,2026-02-01 10:30:00+01:00,2026-02-01 10:45:00+01:00,2026-02-01,10.0,0.71659,SEK,SEK/kWh
SE2,2026-02-01 10:45:00+01:00,2026-02-01 11:00:00+01:00,2026-02-01,10.0,0.75066,SEK,SEK/kWh
SE2,2026-02-01 11:00:00+01:00,2026-02-01 11:15:00+01:00,2026-02-01,11.0,0.66549,SEK,SEK/kWh
SE2,2026-02-01 11:15:00+01:00,2026-02-01 11:30:00+01:00,2026-02-01,11.0,0.6803,SEK,SEK/kWh
SE2,2026-02-01 11:30:00+01:00,2026-02-01 11:45:00+01:00,2026-02-01,11.0,0.70231,SEK,SEK/kWh
SE2,2026-02-01 11:45:00+01:00,2026-02-01 12:00:00+01:00,2026-02-01,11.0,0.84038,SEK,SEK/kWh
SE2,2026-02-01 12:00:00+01:00,2026-02-01 12:15:00+01:00,2026-02-01,12.0,0.63988,SEK,SEK/kWh
SE2,2026-02-01 12:15:00+01:00,2026-02-01 12:30:00+01:00,2026-02-01,12.0,0.68855,SEK,SEK/kWh
SE2,2026-02-01 12:30:00+01:00,2026-02-01 12:45:00+01:00,2026-02-01,12.0,0.74145,SEK,SEK/kWh
SE2,2026-02-01 12:45:00+01:00,2026-02-01 13:00:00+01:00,2026-02-01,12.0,0.83794,SEK,SEK/kWh
SE2,2026-02-01 13:00:00+01:00,2026-02-01 13:15:00+01:00,2026-02-01,13.0,0.71394,SEK,SEK/kWh
SE2,2026-02-01 13:15:00+01:00,2026-02-01 13:30:00+01:00,2026-02-01,13.0,0.7241,SEK,SEK/kWh
SE2,2026-02-01 13:30:00+01:00,2026-02-01 13:45:00+01:00,2026-02-01,13.0,0.77425,SEK,SEK/kWh
SE2,2026-02-01 13:45:00+01:00,2026-02-01 14:00:00+01:00,2026-02-01,13.0,0.84672,SEK,SEK/kWh
SE2,2026-02-01 14:00:00+01:00,2026-02-01 14:15:00+01:00,2026-02-01,14.0,0.71923,SEK,SEK/kWh
SE2,2026-02-01 14:15:00+01:00,2026-02-01 14:30:00+01:00,2026-02-01,14.0,0.72802,SEK,SEK/kWh
SE2,2026-02-01 14:30:00+01:00,2026-02-01 14:45:00+01:00,2026-02-01,14.0,0.76367,SEK,SEK/kWh
SE2,2026-02-01 14:45:00+01:00,2026-02-01 15:00:00+01:00,2026-02-01,14.0,0.88375,SEK,SEK/kWh
SE2,2026-02-01 15:00:00+01:00,2026-02-01 15:15:00+01:00,2026-02-01,15.0,0.71024,SEK,SEK/kWh
SE2,2026-02-01 15:15:00+01:00,2026-02-01 15:30:00+01:00,2026-02-01,15.0,0.75023,SEK,SEK/kWh
SE2,2026-02-01 15:30:00+01:00,2026-02-01 15:45:00+01:00,2026-02-01,15.0,0.77467,SEK,SEK/kWh
SE2,2026-02-01 15:45:00+01:00,2026-02-01 16:00:00+01:00,2026-02-01,15.0,0.81393,SEK,SEK/kWh
SE2,2026-02-01 16:00:00+01:00,2026-02-01 16:15:00+01:00,2026-02-01,16.0,0.82165,SEK,SEK/kWh
SE2,2026-02-01 16:15:00+01:00,2026-02-01 16:30:00+01:00,2026-02-01,16.0,0.83572,SEK,SEK/kWh
SE2,2026-02-01 16:30:00+01:00,2026-02-01 16:45:00+01:00,2026-02-01,16.0,0.82197,SEK,SEK/kWh
SE2,2026-02-01 16:45:00+01:00,2026-02-01 17:00:00+01:00,2026-02-01,16.0,0.86492,SEK,SEK/kWh
SE2,2026-02-01 17:00:00+01:00,2026-02-01 17:15:00+01:00,2026-02-01,17.0,0.91909,SEK,SEK/kWh
SE2,2026-02-01 17:15:00+01:00,2026-02-01 17:30:00+01:00,2026-02-01,17.0,0.91253,SEK,SEK/kWh
SE2,2026-02-01 17:30:00+01:00,2026-02-01 17:45:00+01:00,2026-02-01,17.0,0.70992,SEK,SEK/kWh
SE2,2026-02-01 17:45:00+01:00,2026-02-01 18:00:00+01:00,2026-02-01,17.0,0.58466,SEK,SEK/kWh
SE2,2026-02-01 18:00:00+01:00,2026-02-01 18:15:00+01:00,2026-02-01,18.0,0.93285,SEK,SEK/kWh
SE2,2026-02-01 18:15:00+01:00,2026-02-01 18:30:00+01:00,2026-02-01,18.0,0.75616,SEK,SEK/kWh
SE2,2026-02-01 18:30:00+01:00,2026-02-01 18:45:00+01:00,2026-02-01,18.0,0.71744,SEK,SEK/kWh
SE2,2026-02-01 18:45:00+01:00,2026-02-01 19:00:00+01:00,2026-02-01,18.0,0.56656,SEK,SEK/kWh
SE2,2026-02-01 19:00:00+01:00,2026-02-01 19:15:00+01:00,2026-02-01,19.0,0.77965,SEK,SEK/kWh
SE2,2026-02-01 19:15:00+01:00,2026-02-01 19:30:00+01:00,2026-02-01,19.0,0.77732,SEK,SEK/kWh
SE2,2026-02-01 19:30:00+01:00,2026-02-01 19:45:00+01:00,2026-02-01,19.0,0.71468,SEK,SEK/kWh
SE2,2026-02-01 19:45:00+01:00,2026-02-01 20:00:00+01:00,2026-02-01,19.0,0.69183,SEK,SEK/kWh
SE2,2026-02-01 20:00:00+01:00,2026-02-01 20:15:00+01:00,2026-02-01,20.0,0.81731,SEK,SEK/kWh
SE2,2026-02-01 20:15:00+01:00,2026-02-01 20:30:00+01:00,2026-02-01,20.0,0.69797,SEK,SEK/kWh
SE2,2026-02-01 20:30:00+01:00,2026-02-01 20:45:00+01:00,2026-02-01,20.0,0.69532,SEK,SEK/kWh
SE2,2026-02-01 20:45:00+01:00,2026-02-01 21:00:00+01:00,2026-02-01,20.0,0.69448,SEK,SEK/kWh
SE2,2026-02-01 21:00:00+01:00,2026-02-01 21:15:00+01:00,2026-02-01,21.0,0.89634,SEK,SEK/kWh
SE2,2026-02-01 21:15:00+01:00,2026-02-01 21:30:00+01:00,2026-02-01,21.0,0.66401,SEK,SEK/kWh
SE2,2026-02-01 21:30:00+01:00,2026-02-01 21:45:00+01:00,2026-02-01,21.0,0.63205,SEK,SEK/kWh
SE2,2026-02-01 21:45:00+01:00,2026-02-01 22:00:00+01:00,2026-02-01,21.0,0.63385,SEK,SEK/kWh
SE2,2026-02-01 22:00:00+01:00,2026-02-01 22:15:00+01:00,2026-02-01,22.0,0.62645,SEK,SEK/kWh
SE2,2026-02-01 22:15:00+01:00,2026-02-01 22:30:00+01:00,2026-02-01,22.0,0.67903,SEK,SEK/kWh
SE2,2026-02-01 22:30:00+01:00,2026-02-01 22:45:00+01:00,2026-02-01,22.0,0.72717,SEK,SEK/kWh
SE2,2026-02-01 22:45:00+01:00,2026-02-01 23:00:00+01:00,2026-02-01,22.0,0.68115,SEK,SEK/kWh
SE2,2026-02-01 23:00:00+01:00,2026-02-01 23:15:00+01:00,2026-02-01,23.0,0.65142,SEK,SEK/kWh
SE2,2026-02-01 23:15:00+01:00,2026-02-01 23:30:00+01:00,2026-02-01,23.0,0.6694,SEK,SEK/kWh
SE2,2026-02-01 23:30:00+01:00,2026-02-01 23:45:00+01:00,2026-02-01,23.0,0.6602,SEK,SEK/kWh
SE2,2026-02-01 23:45:00+01:00,2026-02-02 00:00:00+01:00,2026-02-01,23.0,0.64856,SEK,SEK/kWh
SE2,2026-02-02 00:00:00+01:00,2026-02-02 00:15:00+01:00,2026-02-02,0.0,0.64105,SEK,SEK/kWh
SE2,2026-02-02 00:15:00+01:00,2026-02-02 00:30:00+01:00,2026-02-02,0.0,0.63205,SEK,SEK/kWh
SE2,2026-02-02 00:30:00+01:00,2026-02-02 00:45:00+01:00,2026-02-02,0.0,0.6785,SEK,SEK/kWh
SE2,2026-02-02 00:45:00+01:00,2026-02-02 01:00:00+01:00,2026-02-02,0.0,0.68802,SEK,SEK/kWh
SE2,2026-02-02 01:00:00+01:00,2026-02-02 01:15:00+01:00,2026-02-02,1.0,0.65237,SEK,SEK/kWh
SE2,2026-02-02 01:15:00+01:00,2026-02-02 01:30:00+01:00,2026-02-02,1.0,0.653,SEK,SEK/kWh
SE2,2026-02-02 01:30:00+01:00,2026-02-02 01:45:00+01:00,2026-02-02,1.0,0.76653,SEK,SEK/kWh
SE2,2026-02-02 01:45:00+01:00,2026-02-02 02:00:00+01:00,2026-02-02,1.0,0.8116,SEK,SEK/kWh
SE2,2026-02-02 02:00:00+01:00,2026-02-02 02:15:00+01:00,2026-02-02,2.0,0.65152,SEK,SEK/kWh
SE2,2026-02-02 02:15:00+01:00,2026-02-02 02:30:00+01:00,2026-02-02,2.0,0.81065,SEK,SEK/kWh
SE2,2026-02-02 02:30:00+01:00,2026-02-02 02:45:00+01:00,2026-02-02,2.0,0.82853,SEK,SEK/kWh
SE2,2026-02-02 02:45:00+01:00,2026-02-02 03:00:00+01:00,2026-02-02,2.0,0.82546,SEK,SEK/kWh
SE2,2026-02-02 03:00:00+01:00,2026-02-02 03:15:00+01:00,2026-02-02,3.0,0.78938,SEK,SEK/kWh
SE2,2026-02-02 03:15:00+01:00,2026-02-02 03:30:00+01:00,2026-02-02,3.0,0.8116,SEK,SEK/kWh
SE2,2026-02-02 03:30:00+01:00,2026-02-02 03:45:00+01:00,2026-02-02,3.0,0.82228,SEK,SEK/kWh
SE2,2026-02-02 03:45:00+01:00,2026-02-02 04:00:00+01:00,2026-02-02,3.0,0.81996,SEK,SEK/kWh
SE2,2026-02-02 04:00:00+01:00,2026-02-02 04:15:00+01:00,2026-02-02,4.0,0.70305,SEK,SEK/kWh
SE2,2026-02-02 04:15:00+01:00,2026-02-02 04:30:00+01:00,2026-02-02,4.0,0.71722,SEK,SEK/kWh
SE2,2026-02-02 04:30:00+01:00,2026-02-02 04:45:00+01:00,2026-02-02,4.0,0.83794,SEK,SEK/kWh
SE2,2026-02-02 04:45:00+01:00,2026-02-02 05:00:00+01:00,2026-02-02,4.0,0.90735,SEK,SEK/kWh
SE2,2026-02-02 05:00:00+01:00,2026-02-02 05:15:00+01:00,2026-02-02,5.0,0.64909,SEK,SEK/kWh
SE2,2026-02-02 05:15:00+01:00,2026-02-02 05:30:00+01:00,2026-02-02,5.0,0.8299,SEK,SEK/kWh
SE2,2026-02-02 05:30:00+01:00,2026-02-02 05:45:00+01:00,2026-02-02,5.0,0.92385,SEK,SEK/kWh
SE2,2026-02-02 05:45:00+01:00,2026-02-02 06:00:00+01:00,2026-02-02,5.0,0.95327,SEK,SEK/kWh
SE2,2026-02-02 06:00:00+01:00,2026-02-02 06:15:00+01:00,2026-02-02,6.0,0.66369,SEK,SEK/kWh
SE2,2026-02-02 06:15:00+01:00,2026-02-02 06:30:00+01:00,2026-02-02,6.0,0.86915,SEK,SEK/kWh
SE2,2026-02-02 06:30:00+01:00,2026-02-02 06:45:00+01:00,2026-02-02,6.0,0.85096,SEK,SEK/kWh
SE2,2026-02-02 06:45:00+01:00,2026-02-02 07:00:00+01:00,2026-02-02,6.0,0.87317,SEK,SEK/kWh
SE2,2026-02-02 07:00:00+01:00,2026-02-02 07:15:00+01:00,2026-02-02,7.0,1.01759,SEK,SEK/kWh
SE2,2026-02-02 07:15:00+01:00,2026-02-02 07:30:00+01:00,2026-02-02,7.0,1.0451,SEK,SEK/kWh
SE2,2026-02-02 07:30:00+01:00,2026-02-02 07:45:00+01:00,2026-02-02,7.0,1.03262,SEK,SEK/kWh
SE2,2026-02-02 07:45:00+01:00,2026-02-02 08:00:00+01:00,2026-02-02,7.0,1.06266,SEK,SEK/kWh
SE2,2026-02-02 08:00:00+01:00,2026-02-02 08:15:00+01:00,2026-02-02,8.0,1.04732,SEK,SEK/kWh
SE2,2026-02-02 08:15:00+01:00,2026-02-02 08:30:00+01:00,2026-02-02,8.0,1.04743,SEK,SEK/kWh
SE2,2026-02-02 08:30:00+01:00,2026-02-02 08:45:00+01:00,2026-02-02,8.0,1.04743,SEK,SEK/kWh
SE2,2026-02-02 08:45:00+01:00,2026-02-02 09:00:00+01:00,2026-02-02,8.0,1.03442,SEK,SEK/kWh
SE2,2026-02-02 09:00:00+01:00,2026-02-02 09:15:00+01:00,2026-02-02,9.0,1.07504,SEK,SEK/kWh
SE2,2026-02-02 09:15:00+01:00,2026-02-02 09:30:00+01:00,2026-02-02,9.0,1.14043,SEK,SEK/kWh
SE2,2026-02-02 09:30:00+01:00,2026-02-02 09:45:00+01:00,2026-02-02,9.0,1.14635,SEK,SEK/kWh
SE2,2026-02-02 09:45:00+01:00,2026-02-02 10:00:00+01:00,2026-02-02,9.0,1.1034,SEK,SEK/kWh
SE2,2026-02-02 10:00:00+01:00,2026-02-02 10:15:00+01:00,2026-02-02,10.0,1.16878,SEK,SEK/kWh
SE2,2026-02-02 10:15:00+01:00,2026-02-02 10:30:00+01:00,2026-02-02,10.0,1.15122,SEK,SEK/kWh
SE2,2026-02-02 10:30:00+01:00,2026-02-02 10:45:00+01:00,2026-02-02,10.0,1.1691,SEK,SEK/kWh
SE2,2026-02-02 10:45:00+01:00,2026-02-02 11:00:00+01:00,2026-02-02,10.0,1.14307,SEK,SEK/kWh
SE2,2026-02-02 11:00:00+01:00,2026-02-02 11:15:00+01:00,2026-02-02,11.0,1.16053,SEK,SEK/kWh
SE2,2026-02-02 11:15:00+01:00,2026-02-02 11:30:00+01:00,2026-02-02,11.0,1.16698,SEK,SEK/kWh
SE2,2026-02-02 11:30:00+01:00,2026-02-02 11:45:00+01:00,2026-02-02,11.0,1.15619,SEK,SEK/kWh
SE2,2026-02-02 11:45:00+01:00,2026-02-02 12:00:00+01:00,2026-02-02,11.0,1.13884,SEK,SEK/kWh
SE2,2026-02-02 12:00:00+01:00,2026-02-02 12:15:00+01:00,2026-02-02,12.0,1.1782,SEK,SEK/kWh
SE2,2026-02-02 12:15:00+01:00,2026-02-02 12:30:00+01:00,2026-02-02,12.0,1.14392,SEK,SEK/kWh
SE2,2026-02-02 12:30:00+01:00,2026-02-02 12:45:00+01:00,2026-02-02,12.0,1.16529,SEK,SEK/kWh
SE2,2026-02-02 12:45:00+01:00,2026-02-02 13:00:00+01:00,2026-02-02,12.0,1.14783,SEK,SEK/kWh
SE2,2026-02-02 13:00:00+01:00,2026-02-02 13:15:00+01:00,2026-02-02,13.0,1.12879,SEK,SEK/kWh
SE2,2026-02-02 13:15:00+01:00,2026-02-02 13:30:00+01:00,2026-02-02,13.0,1.11789,SEK,SEK/kWh
SE2,2026-02-02 13:30:00+01:00,2026-02-02 13:45:00+01:00,2026-02-02,13.0,1.10943,SEK,SEK/kWh
SE2,2026-02-02 13:45:00+01:00,2026-02-02 14:00:00+01:00,2026-02-02,13.0,1.10752,SEK,SEK/kWh
SE2,2026-02-02 14:00:00+01:00,2026-02-02 14:15:00+01:00,2026-02-02,14.0,1.08774,SEK,SEK/kWh
SE2,2026-02-02 14:15:00+01:00,2026-02-02 14:30:00+01:00,2026-02-02,14.0,1.09451,SEK,SEK/kWh
SE2,2026-02-02 14:30:00+01:00,2026-02-02 14:45:00+01:00,2026-02-02,14.0,1.11197,SEK,SEK/kWh
SE2,2026-02-02 14:45:00+01:00,2026-02-02 15:00:00+01:00,2026-02-02,14.0,1.12699,SEK,SEK/kWh
SE2,2026-02-02 15:00:00+01:00,2026-02-02 15:15:00+01:00,2026-02-02,15.0,1.08763,SEK,SEK/kWh
SE2,2026-02-02 15:15:00+01:00,2026-02-02 15:30:00+01:00,2026-02-02,15.0,1.11355,SEK,SEK/kWh
SE2,2026-02-02 15:30:00+01:00,2026-02-02 15:45:00+01:00,2026-02-02,15.0,1.12794,SEK,SEK/kWh
SE2,2026-02-02 15:45:00+01:00,2026-02-02 16:00:00+01:00,2026-02-02,15.0,1.16064,SEK,SEK/kWh
SE2,2026-02-02 16:00:00+01:00,2026-02-02 16:15:00+01:00,2026-02-02,16.0,1.11842,SEK,SEK/kWh
SE2,2026-02-02 16:15:00+01:00,2026-02-02 16:30:00+01:00,2026-02-02,16.0,1.15429,SEK,SEK/kWh
SE2,2026-02-02 16:30:00+01:00,2026-02-02 16:45:00+01:00,2026-02-02,16.0,1.17407,SEK,SEK/kWh
SE2,2026-02-02 16:45:00+01:00,2026-02-02 17:00:00+01:00,2026-02-02,16.0,1.12921,SEK,SEK/kWh
SE2,2026-02-02 17:00:00+01:00,2026-02-02 17:15:00+01:00,2026-02-02,17.0,1.14572,SEK,SEK/kWh
SE2,2026-02-02 17:15:00+01:00,2026-02-02 17:30:00+01:00,2026-02-02,17.0,1.12361,SEK,SEK/kWh
SE2,2026-02-02 17:30:00+01:00,2026-02-02 17:45:00+01:00,2026-02-02,17.0,1.1125,SEK,SEK/kWh
SE2,2026-02-02 17:45:00+01:00,2026-02-02 18:00:00+01:00,2026-02-02,17.0,1.12339,SEK,SEK/kWh
SE2,2026-02-02 18:00:00+01:00,2026-02-02 18:15:00+01:00,2026-02-02,18.0,1.12403,SEK,SEK/kWh
SE2,2026-02-02 18:15:00+01:00,2026-02-02 18:30:00+01:00,2026-02-02,18.0,1.09155,SEK,SEK/kWh
SE2,2026-02-02 18:30:00+01:00,2026-02-02 18:45:00+01:00,2026-02-02,18.0,1.10287,SEK,SEK/kWh
SE2,2026-02-02 18:45:00+01:00,2026-02-02 19:00:00+01:00,2026-02-02,18.0,1.09144,SEK,SEK/kWh
SE2,2026-02-02 19:00:00+01:00,2026-02-02 19:15:00+01:00,2026-02-02,19.0,1.13916,SEK,SEK/kWh
SE2,2026-02-02 19:15:00+01:00,2026-02-02 19:30:00+01:00,2026-02-02,19.0,1.13355,SEK,SEK/kWh
SE2,2026-02-02 19:30:00+01:00,2026-02-02 19:45:00+01:00,2026-02-02,19.0,1.13397,SEK,SEK/kWh
SE2,2026-02-02 19:45:00+01:00,2026-02-02 20:00:00+01:00,2026-02-02,19.0,1.09747,SEK,SEK/kWh
SE2,2026-02-02 20:00:00+01:00,2026-02-02 20:15:00+01:00,2026-02-02,20.0,1.06912,SEK,SEK/kWh
SE2,2026-02-02 20:15:00+01:00,2026-02-02 20:30:00+01:00,2026-02-02,20.0,1.08287,SEK,SEK/kWh
SE2,2026-02-02 20:30:00+01:00,2026-02-02 20:45:00+01:00,2026-02-02,20.0,1.07018,SEK,SEK/kWh
SE2,2026-02-02 20:45:00+01:00,2026-02-02 21:00:00+01:00,2026-02-02,20.0,1.06975,SEK,SEK/kWh
SE2,2026-02-02 21:00:00+01:00,2026-02-02 21:15:00+01:00,2026-02-02,21.0,1.09948,SEK,SEK/kWh
SE2,2026-02-02 21:15:00+01:00,2026-02-02 21:30:00+01:00,2026-02-02,21.0,1.08509,SEK,SEK/kWh
SE2,2026-02-02 21:30:00+01:00,2026-02-02 21:45:00+01:00,2026-02-02,21.0,1.06171,SEK,SEK/kWh
SE2,2026-02-02 21:45:00+01:00,2026-02-02 22:00:00+01:00,2026-02-02,21.0,1.0342,SEK,SEK/kWh
SE2,2026-02-02 22:00:00+01:00,2026-02-02 22:15:00+01:00,2026-02-02,22.0,1.08224,SEK,SEK/kWh
SE2,2026-02-02 22:15:00+01:00,2026-02-02 22:30:00+01:00,2026-02-02,22.0,1.05674,SEK,SEK/kWh
SE2,2026-02-02 22:30:00+01:00,2026-02-02 22:45:00+01:00,2026-02-02,22.0,1.05007,SEK,SEK/kWh
SE2,2026-02-02 22:45:00+01:00,2026-02-02 23:00:00+01:00,2026-02-02,22.0,1.03177,SEK,SEK/kWh
SE2,2026-02-02 23:00:00+01:00,2026-02-02 23:15:00+01:00,2026-02-02,23.0,1.05198,SEK,SEK/kWh
SE2,2026-02-02 23:15:00+01:00,2026-02-02 23:30:00+01:00,2026-02-02,23.0,0.98226,SEK,SEK/kWh
SE2,2026-02-02 23:30:00+01:00,2026-02-02 23:45:00+01:00,2026-02-02,23.0,0.96469,SEK,SEK/kWh
SE2,2026-02-02 23:45:00+01:00,2026-02-03 00:00:00+01:00,2026-02-02,23.0,0.90608,SEK,SEK/kWh
SE2,2026-02-03 00:00:00+01:00,2026-02-03 00:15:00+01:00,2026-02-03,0.0,1.05726,SEK,SEK/kWh
SE2,2026-02-03 00:15:00+01:00,2026-02-03 00:30:00+01:00,2026-02-03,0.0,1.04753,SEK,SEK/kWh
SE2,2026-02-03 00:30:00+01:00,2026-02-03 00:45:00+01:00,2026-02-03,0.0,1.03324,SEK,SEK/kWh
SE2,2026-02-03 00:45:00+01:00,2026-02-03 01:00:00+01:00,2026-02-03,0.0,1.0181,SEK,SEK/kWh
SE2,2026-02-03 01:00:00+01:00,2026-02-03 01:15:00+01:00,2026-02-03,1.0,1.02668,SEK,SEK/kWh
SE2,2026-02-03 01:15:00+01:00,2026-02-03 01:30:00+01:00,2026-02-03,1.0,1.01313,SEK,SEK/kWh
SE2,2026-02-03 01:30:00+01:00,2026-02-03 01:45:00+01:00,2026-02-03,1.0,1.01832,SEK,SEK/kWh
SE2,2026-02-03 01:45:00+01:00,2026-02-03 02:00:00+01:00,2026-02-03,1.0,1.01292,SEK,SEK/kWh
SE2,2026-02-03 02:00:00+01:00,2026-02-03 02:15:00+01:00,2026-02-03,2.0,1.01736,SEK,SEK/kWh
SE2,2026-02-03 02:15:00+01:00,2026-02-03 02:30:00+01:00,2026-02-03,2.0,1.00318,SEK,SEK/kWh
SE2,2026-02-03 02:30:00+01:00,2026-02-03 02:45:00+01:00,2026-02-03,2.0,0.99069,SEK,SEK/kWh
SE2,2026-02-03 02:45:00+01:00,2026-02-03 03:00:00+01:00,2026-02-03,2.0,0.97768,SEK,SEK/kWh
SE2,2026-02-03 03:00:00+01:00,2026-02-03 03:15:00+01:00,2026-02-03,3.0,0.99789,SEK,SEK/kWh
SE2,2026-02-03 03:15:00+01:00,2026-02-03 03:30:00+01:00,2026-02-03,3.0,0.98815,SEK,SEK/kWh
SE2,2026-02-03 03:30:00+01:00,2026-02-03 03:45:00+01:00,2026-02-03,3.0,0.98477,SEK,SEK/kWh
SE2,2026-02-03 03:45:00+01:00,2026-02-03 04:00:00+01:00,2026-02-03,3.0,0.97683,SEK,SEK/kWh
SE2,2026-02-03 04:00:00+01:00,2026-02-03 04:15:00+01:00,2026-02-03,4.0,0.97366,SEK,SEK/kWh
SE2,2026-02-03 04:15:00+01:00,2026-02-03 04:30:00+01:00,2026-02-03,4.0,0.97133,SEK,SEK/kWh
SE2,2026-02-03 04:30:00+01:00,2026-02-03 04:45:00+01:00,2026-02-03,4.0,0.98657,SEK,SEK/kWh
SE2,2026-02-03 04:45:00+01:00,2026-02-03 05:00:00+01:00,2026-02-03,4.0,0.98699,SEK,SEK/kWh
SE2,2026-02-03 05:00:00+01:00,2026-02-03 05:15:00+01:00,2026-02-03,5.0,0.97683,SEK,SEK/kWh
SE2,2026-02-03 05:15:00+01:00,2026-02-03 05:30:00+01:00,2026-02-03,5.0,0.99662,SEK,SEK/kWh
SE2,2026-02-03 05:30:00+01:00,2026-02-03 05:45:00+01:00,2026-02-03,5.0,1.04604,SEK,SEK/kWh
SE2,2026-02-03 05:45:00+01:00,2026-02-03 06:00:00+01:00,2026-02-03,5.0,1.11166,SEK,SEK/kWh
SE2,2026-02-03 06:00:00+01:00,2026-02-03 06:15:00+01:00,2026-02-03,6.0,1.08362,SEK,SEK/kWh
SE2,2026-02-03 06:15:00+01:00,2026-02-03 06:30:00+01:00,2026-02-03,6.0,1.15749,SEK,SEK/kWh
SE2,2026-02-03 06:30:00+01:00,2026-02-03 06:45:00+01:00,2026-02-03,6.0,1.21548,SEK,SEK/kWh
SE2,2026-02-03 06:45:00+01:00,2026-02-03 07:00:00+01:00,2026-02-03,6.0,1.27115,SEK,SEK/kWh
SE2,2026-02-03 07:00:00+01:00,2026-02-03 07:15:00+01:00,2026-02-03,7.0,1.29094,SEK,SEK/kWh
SE2,2026-02-03 07:15:00+01:00,2026-02-03 07:30:00+01:00,2026-02-03,7.0,1.36269,SEK,SEK/kWh
SE2,2026-02-03 07:30:00+01:00,2026-02-03 07:45:00+01:00,2026-02-03,7.0,1.41603,SEK,SEK/kWh
SE2,2026-02-03 07:45:00+01:00,2026-02-03 08:00:00+01:00,2026-02-03,7.0,1.45868,SEK,SEK/kWh
SE2,2026-02-03 08:00:00+01:00,2026-02-03 08:15:00+01:00,2026-02-03,8.0,1.49625,SEK,SEK/kWh
SE2,2026-02-03 08:15:00+01:00,2026-02-03 08:30:00+01:00,2026-02-03,8.0,1.52028,SEK,SEK/kWh
SE2,2026-02-03 08:30:00+01:00,2026-02-03 08:45:00+01:00,2026-02-03,8.0,1.4771,SEK,SEK/kWh
SE2,2026-02-03 08:45:00+01:00,2026-02-03 09:00:00+01:00,2026-02-03,8.0,1.48218,SEK,SEK/kWh
SE2,2026-02-03 09:00:00+01:00,2026-02-03 09:15:00+01:00,2026-02-03,9.0,1.71776,SEK,SEK/kWh
SE2,2026-02-03 09:15:00+01:00,2026-02-03 09:30:00+01:00,2026-02-03,9.0,1.58346,SEK,SEK/kWh
SE2,2026-02-03 09:30:00+01:00,2026-02-03 09:45:00+01:00,2026-02-03,9.0,1.50059,SEK,SEK/kWh
SE2,2026-02-03 09:45:00+01:00,2026-02-03 10:00:00+01:00,2026-02-03,9.0,1.44482,SEK,SEK/kWh
SE2,2026-02-03 10:00:00+01:00,2026-02-03 10:15:00+01:00,2026-02-03,10.0,1.35846,SEK,SEK/kWh
SE2,2026-02-03 10:15:00+01:00,2026-02-03 10:30:00+01:00,2026-02-03,10.0,1.31486,SEK,SEK/kWh
SE2,2026-02-03 10:30:00+01:00,2026-02-03 10:45:00+01:00,2026-02-03,10.0,1.27634,SEK,SEK/kWh
SE2,2026-02-03 10:45:00+01:00,2026-02-03 11:00:00+01:00,2026-02-03,10.0,1.19781,SEK,SEK/kWh
SE2,2026-02-03 11:00:00+01:00,2026-02-03 11:15:00+01:00,2026-02-03,11.0,1.27866,SEK,SEK/kWh
SE2,2026-02-03 11:15:00+01:00,2026-02-03 11:30:00+01:00,2026-02-03,11.0,1.20257,SEK,SEK/kWh
SE2,2026-02-03 11:30:00+01:00,2026-02-03 11:45:00+01:00,2026-02-03,11.0,1.17971,SEK,SEK/kWh
SE2,2026-02-03 11:45:00+01:00,2026-02-03 12:00:00+01:00,2026-02-03,11.0,1.11663,SEK,SEK/kWh
SE2,2026-02-03 12:00:00+01:00,2026-02-03 12:15:00+01:00,2026-02-03,12.0,1.19961,SEK,SEK/kWh
SE2,2026-02-03 12:15:00+01:00,2026-02-03 12:30:00+01:00,2026-02-03,12.0,1.18786,SEK,SEK/kWh
SE2,2026-02-03 12:30:00+01:00,2026-02-03 12:45:00+01:00,2026-02-03,12.0,1.16659,SEK,SEK/kWh
SE2,2026-02-03 12:45:00+01:00,2026-02-03 13:00:00+01:00,2026-02-03,12.0,1.15018,SEK,SEK/kWh
SE2,2026-02-03 13:00:00+01:00,2026-02-03 13:15:00+01:00,2026-02-03,13.0,1.14807,SEK,SEK/kWh
SE2,2026-02-03 13:15:00+01:00,2026-02-03 13:30:00+01:00,2026-02-03,13.0,1.17749,SEK,SEK/kWh
SE2,2026-02-03 13:30:00+01:00,2026-02-03 13:45:00+01:00,2026-02-03,13.0,1.18934,SEK,SEK/kWh
SE2,2026-02-03 13:45:00+01:00,2026-02-03 14:00:00+01:00,2026-02-03,13.0,1.18976,SEK,SEK/kWh
SE2,2026-02-03 14:00:00+01:00,2026-02-03 14:15:00+01:00,2026-02-03,14.0,1.13822,SEK,SEK/kWh
SE2,2026-02-03 14:15:00+01:00,2026-02-03 14:30:00+01:00,2026-02-03,14.0,1.17177,SEK,SEK/kWh
SE2,2026-02-03 14:30:00+01:00,2026-02-03 14:45:00+01:00,2026-02-03,14.0,1.18648,SEK,SEK/kWh
SE2,2026-02-03 14:45:00+01:00,2026-02-03 15:00:00+01:00,2026-02-03,14.0,1.21643,SEK,SEK/kWh
SE2,2026-02-03 15:00:00+01:00,2026-02-03 15:15:00+01:00,2026-02-03,15.0,1.14754,SEK,SEK/kWh
SE2,2026-02-03 15:15:00+01:00,2026-02-03 15:30:00+01:00,2026-02-03,15.0,1.17273,SEK,SEK/kWh
SE2,2026-02-03 15:30:00+01:00,2026-02-03 15:45:00+01:00,2026-02-03,15.0,1.20352,SEK,SEK/kWh
SE2,2026-02-03 15:45:00+01:00,2026-02-03 16:00:00+01:00,2026-02-03,15.0,1.22532,SEK,SEK/kWh
SE2,2026-02-03 16:00:00+01:00,2026-02-03 16:15:00+01:00,2026-02-03,16.0,1.22289,SEK,SEK/kWh
SE2,2026-02-03 16:15:00+01:00,2026-02-03 16:30:00+01:00,2026-02-03,16.0,1.23062,SEK,SEK/kWh
SE2,2026-02-03 16:30:00+01:00,2026-02-03 16:45:00+01:00,2026-02-03,16.0,1.2667,SEK,SEK/kWh
SE2,2026-02-03 16:45:00+01:00,2026-02-03 17:00:00+01:00,2026-02-03,16.0,1.27274,SEK,SEK/kWh
SE2,2026-02-03 17:00:00+01:00,2026-02-03 17:15:00+01:00,2026-02-03,17.0,1.49054,SEK,SEK/kWh
SE2,2026-02-03 17:15:00+01:00,2026-02-03 17:30:00+01:00,2026-02-03,17.0,1.4916,SEK,SEK/kWh
SE2,2026-02-03 17:30:00+01:00,2026-02-03 17:45:00+01:00,2026-02-03,17.0,1.53742,SEK,SEK/kWh
SE2,2026-02-03 17:45:00+01:00,2026-02-03 18:00:00+01:00,2026-02-03,17.0,1.53933,SEK,SEK/kWh
SE2,2026-02-03 18:00:00+01:00,2026-02-03 18:15:00+01:00,2026-02-03,18.0,1.48514,SEK,SEK/kWh
SE2,2026-02-03 18:15:00+01:00,2026-02-03 18:30:00+01:00,2026-02-03,18.0,1.45847,SEK,SEK/kWh
SE2,2026-02-03 18:30:00+01:00,2026-02-03 18:45:00+01:00,2026-02-03,18.0,1.45011,SEK,SEK/kWh
SE2,2026-02-03 18:45:00+01:00,2026-02-03 19:00:00+01:00,2026-02-03,18.0,1.45191,SEK,SEK/kWh
SE2,2026-02-03 19:00:00+01:00,2026-02-03 19:15:00+01:00,2026-02-03,19.0,1.41286,SEK,SEK/kWh
SE2,2026-02-03 19:15:00+01:00,2026-02-03 19:30:00+01:00,2026-02-03,19.0,1.40376,SEK,SEK/kWh
SE2,2026-02-03 19:30:00+01:00,2026-02-03 19:45:00+01:00,2026-02-03,19.0,1.38788,SEK,SEK/kWh
SE2,2026-02-03 19:45:00+01:00,2026-02-03 20:00:00+01:00,2026-02-03,19.0,1.31306,SEK,SEK/kWh
SE2,2026-02-03 20:00:00+01:00,2026-02-03 20:15:00+01:00,2026-02-03,20.0,1.22437,SEK,SEK/kWh
SE2,2026-02-03 20:15:00+01:00,2026-02-03 20:30:00+01:00,2026-02-03,20.0,1.20045,SEK,SEK/kWh
SE2,2026-02-03 20:30:00+01:00,2026-02-03 20:45:00+01:00,2026-02-03,20.0,1.17198,SEK,SEK/kWh
SE2,2026-02-03 20:45:00+01:00,2026-02-03 21:00:00+01:00,2026-02-03,20.0,1.1487,SEK,SEK/kWh
SE2,2026-02-03 21:00:00+01:00,2026-02-03 21:15:00+01:00,2026-02-03,21.0,1.14997,SEK,SEK/kWh
SE2,2026-02-03 21:15:00+01:00,2026-02-03 21:30:00+01:00,2026-02-03,21.0,1.13568,SEK,SEK/kWh
SE2,2026-02-03 21:30:00+01:00,2026-02-03 21:45:00+01:00,2026-02-03,21.0,1.10743,SEK,SEK/kWh
SE2,2026-02-03 21:45:00+01:00,2026-02-03 22:00:00+01:00,2026-02-03,21.0,1.06097,SEK,SEK/kWh
SE2,2026-02-03 22:00:00+01:00,2026-02-03 22:15:00+01:00,2026-02-03,22.0,1.10753,SEK,SEK/kWh
SE2,2026-02-03 22:15:00+01:00,2026-02-03 22:30:00+01:00,2026-02-03,22.0,1.06668,SEK,SEK/kWh
SE2,2026-02-03 22:30:00+01:00,2026-02-03 22:45:00+01:00,2026-02-03,22.0,1.06393,SEK,SEK/kWh
SE2,2026-02-03 22:45:00+01:00,2026-02-03 23:00:00+01:00,2026-02-03,22.0,1.02075,SEK,SEK/kWh
SE2,2026-02-03 23:00:00+01:00,2026-02-03 23:15:00+01:00,2026-02-03,23.0,1.04774,SEK,SEK/kWh
SE2,2026-02-03 23:15:00+01:00,2026-02-03 23:30:00+01:00,2026-02-03,23.0,1.03239,SEK,SEK/kWh
SE2,2026-02-03 23:30:00+01:00,2026-02-03 23:45:00+01:00,2026-02-03,23.0,1.00847,SEK,SEK/kWh
SE2,2026-02-03 23:45:00+01:00,2026-02-04 00:00:00+01:00,2026-02-03,23.0,0.91418,SEK,SEK/kWh
SE2,2026-02-04 00:00:00+01:00,2026-02-04 00:15:00+01:00,2026-02-04,0.0,1.01969,SEK,SEK/kWh
SE2,2026-02-04 00:15:00+01:00,2026-02-04 00:30:00+01:00,2026-02-04,0.0,0.97042,SEK,SEK/kWh
SE2,2026-02-04 00:30:00+01:00,2026-02-04 00:45:00+01:00,2026-02-04,0.0,0.98455,SEK,SEK/kWh
SE2,2026-02-04 00:45:00+01:00,2026-02-04 01:00:00+01:00,2026-02-04,0.0,0.98392,SEK,SEK/kWh
SE2,2026-02-04 01:00:00+01:00,2026-02-04 01:15:00+01:00,2026-02-04,1.0,0.98962,SEK,SEK/kWh
SE2,2026-02-04 01:15:00+01:00,2026-02-04 01:30:00+01:00,2026-02-04,1.0,0.96831,SEK,SEK/kWh
SE2,2026-02-04 01:30:00+01:00,2026-02-04 01:45:00+01:00,2026-02-04,1.0,0.96693,SEK,SEK/kWh
SE2,2026-02-04 01:45:00+01:00,2026-02-04 02:00:00+01:00,2026-02-04,1.0,0.95997,SEK,SEK/kWh
SE2,2026-02-04 02:00:00+01:00,2026-02-04 02:15:00+01:00,2026-02-04,2.0,0.96345,SEK,SEK/kWh
SE2,2026-02-04 02:15:00+01:00,2026-02-04 02:30:00+01:00,2026-02-04,2.0,0.95269,SEK,SEK/kWh
SE2,2026-02-04 02:30:00+01:00,2026-02-04 02:45:00+01:00,2026-02-04,2.0,0.96788,SEK,SEK/kWh
SE2,2026-02-04 02:45:00+01:00,2026-02-04 03:00:00+01:00,2026-02-04,2.0,0.99141,SEK,SEK/kWh
SE2,2026-02-04 03:00:00+01:00,2026-02-04 03:15:00+01:00,2026-02-04,3.0,0.995,SEK,SEK/kWh
SE2,2026-02-04 03:15:00+01:00,2026-02-04 03:30:00+01:00,2026-02-04,3.0,0.98635,SEK,SEK/kWh
SE2,2026-02-04 03:30:00+01:00,2026-02-04 03:45:00+01:00,2026-02-04,3.0,1.00745,SEK,SEK/kWh
SE2,2026-02-04 03:45:00+01:00,2026-02-04 04:00:00+01:00,2026-02-04,3.0,1.00038,SEK,SEK/kWh
SE2,2026-02-04 04:00:00+01:00,2026-02-04 04:15:00+01:00,2026-02-04,4.0,0.97759,SEK,SEK/kWh
SE2,2026-02-04 04:15:00+01:00,2026-02-04 04:30:00+01:00,2026-02-04,4.0,0.97495,SEK,SEK/kWh
SE2,2026-02-04 04:30:00+01:00,2026-02-04 04:45:00+01:00,2026-02-04,4.0,0.99922,SEK,SEK/kWh
SE2,2026-02-04 04:45:00+01:00,2026-02-04 05:00:00+01:00,2026-02-04,4.0,1.0123,SEK,SEK/kWh
SE2,2026-02-04 05:00:00+01:00,2026-02-04 05:15:00+01:00,2026-02-04,5.0,0.98055,SEK,SEK/kWh
SE2,2026-02-04 05:15:00+01:00,2026-02-04 05:30:00+01:00,2026-02-04,5.0,1.00218,SEK,SEK/kWh
SE2,2026-02-04 05:30:00+01:00,2026-02-04 05:45:00+01:00,2026-02-04,5.0,1.02265,SEK,SEK/kWh
SE2,2026-02-04 05:45:00+01:00,2026-02-04 06:00:00+01:00,2026-02-04,5.0,1.06084,SEK,SEK/kWh
SE2,2026-02-04 06:00:00+01:00,2026-02-04 06:15:00+01:00,2026-02-04,6.0,1.04776,SEK,SEK/kWh
SE2,2026-02-04 06:15:00+01:00,2026-02-04 06:30:00+01:00,2026-02-04,6.0,1.08142,SEK,SEK/kWh
SE2,2026-02-04 06:30:00+01:00,2026-02-04 06:45:00+01:00,2026-02-04,6.0,1.13839,SEK,SEK/kWh
SE2,2026-02-04 06:45:00+01:00,2026-02-04 07:00:00+01:00,2026-02-04,6.0,1.17976,SEK,SEK/kWh
SE2,2026-02-04 07:00:00+01:00,2026-02-04 07:15:00+01:00,2026-02-04,7.0,1.24813,SEK,SEK/kWh
SE2,2026-02-04 07:15:00+01:00,2026-02-04 07:30:00+01:00,2026-02-04,7.0,1.31524,SEK,SEK/kWh
SE2,2026-02-04 07:30:00+01:00,2026-02-04 07:45:00+01:00,2026-02-04,7.0,1.37264,SEK,SEK/kWh
SE2,2026-02-04 07:45:00+01:00,2026-02-04 08:00:00+01:00,2026-02-04,7.0,1.41421,SEK,SEK/kWh
SE2,2026-02-04 08:00:00+01:00,2026-02-04 08:15:00+01:00,2026-02-04,8.0,1.43953,SEK,SEK/kWh
SE2,2026-02-04 08:15:00+01:00,2026-02-04 08:30:00+01:00,2026-02-04,8.0,1.47657,SEK,SEK/kWh
SE2,2026-02-04 08:30:00+01:00,2026-02-04 08:45:00+01:00,2026-02-04,8.0,1.40345,SEK,SEK/kWh
SE2,2026-02-04 08:45:00+01:00,2026-02-04 09:00:00+01:00,2026-02-04,8.0,1.32115,SEK,SEK/kWh
SE2,2026-02-04 09:00:00+01:00,2026-02-04 09:15:00+01:00,2026-02-04,9.0,1.39996,SEK,SEK/kWh
SE2,2026-02-04 09:15:00+01:00,2026-02-04 09:30:00+01:00,2026-02-04,9.0,1.27377,SEK,SEK/kWh
SE2,2026-02-04 09:30:00+01:00,2026-02-04 09:45:00+01:00,2026-02-04,9.0,1.23758,SEK,SEK/kWh
SE2,2026-02-04 09:45:00+01:00,2026-02-04 10:00:00+01:00,2026-02-04,9.0,1.19769,SEK,SEK/kWh
SE2,2026-02-04 10:00:00+01:00,2026-02-04 10:15:00+01:00,2026-02-04,10.0,1.25647,SEK,SEK/kWh
SE2,2026-02-04 10:15:00+01:00,2026-02-04 10:30:00+01:00,2026-02-04,10.0,1.2036,SEK,SEK/kWh
SE2,2026-02-04 10:30:00+01:00,2026-02-04 10:45:00+01:00,2026-02-04,10.0,1.13491,SEK,SEK/kWh
SE2,2026-02-04 10:45:00+01:00,2026-02-04 11:00:00+01:00,2026-02-04,10.0,1.11676,SEK,SEK/kWh
SE2,2026-02-04 11:00:00+01:00,2026-02-04 11:15:00+01:00,2026-02-04,11.0,1.1614,SEK,SEK/kWh
SE2,2026-02-04 11:15:00+01:00,2026-02-04 11:30:00+01:00,2026-02-04,11.0,1.15939,SEK,SEK/kWh
SE2,2026-02-04 11:30:00+01:00,2026-02-04 11:45:00+01:00,2026-02-04,11.0,1.15317,SEK,SEK/kWh
SE2,2026-02-04 11:45:00+01:00,2026-02-04 12:00:00+01:00,2026-02-04,11.0,1.13797,SEK,SEK/kWh
SE2,2026-02-04 12:00:00+01:00,2026-02-04 12:15:00+01:00,2026-02-04,12.0,1.08005,SEK,SEK/kWh
SE2,2026-02-04 12:15:00+01:00,2026-02-04 12:30:00+01:00,2026-02-04,12.0,1.06496,SEK,SEK/kWh
SE2,2026-02-04 12:30:00+01:00,2026-02-04 12:45:00+01:00,2026-02-04,12.0,1.05367,SEK,SEK/kWh
SE2,2026-02-04 12:45:00+01:00,2026-02-04 13:00:00+01:00,2026-02-04,12.0,1.05229,SEK,SEK/kWh
SE2,2026-02-04 13:00:00+01:00,2026-02-04 13:15:00+01:00,2026-02-04,13.0,1.05261,SEK,SEK/kWh
SE2,2026-02-04 13:15:00+01:00,2026-02-04 13:30:00+01:00,2026-02-04,13.0,1.0486,SEK,SEK/kWh
SE2,2026-02-04 13:30:00+01:00,2026-02-04 13:45:00+01:00,2026-02-04,13.0,1.04765,SEK,SEK/kWh
SE2,2026-02-04 13:45:00+01:00,2026-02-04 14:00:00+01:00,2026-02-04,13.0,1.06316,SEK,SEK/kWh
SE2,2026-02-04 14:00:00+01:00,2026-02-04 14:15:00+01:00,2026-02-04,14.0,1.05567,SEK,SEK/kWh
SE2,2026-02-04 14:15:00+01:00,2026-02-04 14:30:00+01:00,2026-02-04,14.0,1.05979,SEK,SEK/kWh
SE2,2026-02-04 14:30:00+01:00,2026-02-04 14:45:00+01:00,2026-02-04,14.0,1.0696,SEK,SEK/kWh
SE2,2026-02-04 14:45:00+01:00,2026-02-04 15:00:00+01:00,2026-02-04,14.0,1.08796,SEK,SEK/kWh
SE2,2026-02-04 15:00:00+01:00,2026-02-04 15:15:00+01:00,2026-02-04,15.0,1.05156,SEK,SEK/kWh
SE2,2026-02-04 15:15:00+01:00,2026-02-04 15:30:00+01:00,2026-02-04,15.0,1.08838,SEK,SEK/kWh
SE2,2026-02-04 15:30:00+01:00,2026-02-04 15:45:00+01:00,2026-02-04,15.0,1.11444,SEK,SEK/kWh
SE2,2026-02-04 15:45:00+01:00,2026-02-04 16:00:00+01:00,2026-02-04,15.0,1.13787,SEK,SEK/kWh
SE2,2026-02-04 16:00:00+01:00,2026-02-04 16:15:00+01:00,2026-02-04,16.0,1.11413,SEK,SEK/kWh
SE2,2026-02-04 16:15:00+01:00,2026-02-04 16:30:00+01:00,2026-02-04,16.0,1.09387,SEK,SEK/kWh
SE2,2026-02-04 16:30:00+01:00,2026-02-04 16:45:00+01:00,2026-02-04,16.0,1.04966,SEK,SEK/kWh
SE2,2026-02-04 16:45:00+01:00,2026-02-04 17:00:00+01:00,2026-02-04,16.0,1.04058,SEK,SEK/kWh
SE2,2026-02-04 17:00:00+01:00,2026-02-04 17:15:00+01:00,2026-02-04,17.0,1.04459,SEK,SEK/kWh
SE2,2026-02-04 17:15:00+01:00,2026-02-04 17:30:00+01:00,2026-02-04,17.0,1.03394,SEK,SEK/kWh
SE2,2026-02-04 17:30:00+01:00,2026-02-04 17:45:00+01:00,2026-02-04,17.0,0.98445,SEK,SEK/kWh
SE2,2026-02-04 17:45:00+01:00,2026-02-04 18:00:00+01:00,2026-02-04,17.0,0.96366,SEK,SEK/kWh
SE2,2026-02-04 18:00:00+01:00,2026-02-04 18:15:00+01:00,2026-02-04,18.0,1.03088,SEK,SEK/kWh
SE2,2026-02-04 18:15:00+01:00,2026-02-04 18:30:00+01:00,2026-02-04,18.0,1.016,SEK,SEK/kWh
SE2,2026-02-04 18:30:00+01:00,2026-02-04 18:45:00+01:00,2026-02-04,18.0,1.03446,SEK,SEK/kWh
SE2,2026-02-04 18:45:00+01:00,2026-02-04 19:00:00+01:00,2026-02-04,18.0,0.99278,SEK,SEK/kWh
SE2,2026-02-04 19:00:00+01:00,2026-02-04 19:15:00+01:00,2026-02-04,19.0,1.01241,SEK,SEK/kWh
SE2,2026-02-04 19:15:00+01:00,2026-02-04 19:30:00+01:00,2026-02-04,19.0,1.03267,SEK,SEK/kWh
SE2,2026-02-04 19:30:00+01:00,2026-02-04 19:45:00+01:00,2026-02-04,19.0,1.0332,SEK,SEK/kWh
SE2,2026-02-04 19:45:00+01:00,2026-02-04 20:00:00+01:00,2026-02-04,19.0,1.01916,SEK,SEK/kWh
SE2,2026-02-04 20:00:00+01:00,2026-02-04 20:15:00+01:00,2026-02-04,20.0,1.04976,SEK,SEK/kWh
SE2,2026-02-04 20:15:00+01:00,2026-02-04 20:30:00+01:00,2026-02-04,20.0,1.0065,SEK,SEK/kWh
SE2,2026-02-04 20:30:00+01:00,2026-02-04 20:45:00+01:00,2026-02-04,20.0,0.98814,SEK,SEK/kWh
SE2,2026-02-04 20:45:00+01:00,2026-02-04 21:00:00+01:00,2026-02-04,20.0,0.96356,SEK,SEK/kWh
SE2,2026-02-04 21:00:00+01:00,2026-02-04 21:15:00+01:00,2026-02-04,21.0,1.03351,SEK,SEK/kWh
SE2,2026-02-04 21:15:00+01:00,2026-02-04 21:30:00+01:00,2026-02-04,21.0,0.98213,SEK,SEK/kWh
SE2,2026-02-04 21:30:00+01:00,2026-02-04 21:45:00+01:00,2026-02-04,21.0,0.95396,SEK,SEK/kWh
SE2,2026-02-04 21:45:00+01:00,2026-02-04 22:00:00+01:00,2026-02-04,21.0,0.95111,SEK,SEK/kWh
SE2,2026-02-04 22:00:00+01:00,2026-02-04 22:15:00+01:00,2026-02-04,22.0,1.0122,SEK,SEK/kWh
SE2,2026-02-04 22:15:00+01:00,2026-02-04 22:30:00+01:00,2026-02-04,22.0,0.97749,SEK,SEK/kWh
SE2,2026-02-04 22:30:00+01:00,2026-02-04 22:45:00+01:00,2026-02-04,22.0,0.96155,SEK,SEK/kWh
SE2,2026-02-04 22:45:00+01:00,2026-02-04 23:00:00+01:00,2026-02-04,22.0,0.86205,SEK,SEK/kWh
SE2,2026-02-04 23:00:00+01:00,2026-02-04 23:15:00+01:00,2026-02-04,23.0,0.96008,SEK,SEK/kWh
SE2,2026-02-04 23:15:00+01:00,2026-02-04 23:30:00+01:00,2026-02-04,23.0,0.89529,SEK,SEK/kWh
SE2,2026-02-04 23:30:00+01:00,2026-02-04 23:45:00+01:00,2026-02-04,23.0,0.83989,SEK,SEK/kWh
SE2,2026-02-04 23:45:00+01:00,2026-02-05 00:00:00+01:00,2026-02-04,23.0,0.76129,SEK,SEK/kWh
SE2,2026-02-05 00:00:00+01:00,2026-02-05 00:15:00+01:00,2026-02-05,0.0,0.98824,SEK,SEK/kWh
SE2,2026-02-05 00:15:00+01:00,2026-02-05 00:30:00+01:00,2026-02-05,0.0,0.9562,SEK,SEK/kWh
SE2,2026-02-05 00:30:00+01:00,2026-02-05 00:45:00+01:00,2026-02-05,0.0,0.94309,SEK,SEK/kWh
SE2,2026-02-05 00:45:00+01:00,2026-02-05 01:00:00+01:00,2026-02-05,0.0,0.94024,SEK,SEK/kWh
SE2,2026-02-05 01:00:00+01:00,2026-02-05 01:15:00+01:00,2026-02-05,1.0,0.95166,SEK,SEK/kWh
SE2,2026-02-05 01:15:00+01:00,2026-02-05 01:30:00+01:00,2026-02-05,1.0,0.94309,SEK,SEK/kWh
SE2,2026-02-05 01:30:00+01:00,2026-02-05 01:45:00+01:00,2026-02-05,1.0,0.9413,SEK,SEK/kWh
SE2,2026-02-05 01:45:00+01:00,2026-02-05 02:00:00+01:00,2026-02-05,1.0,0.89594,SEK,SEK/kWh
SE2,2026-02-05 02:00:00+01:00,2026-02-05 02:15:00+01:00,2026-02-05,2.0,0.91,SEK,SEK/kWh
SE2,2026-02-05 02:15:00+01:00,2026-02-05 02:30:00+01:00,2026-02-05,2.0,0.90514,SEK,SEK/kWh
SE2,2026-02-05 02:30:00+01:00,2026-02-05 02:45:00+01:00,2026-02-05,2.0,0.92047,SEK,SEK/kWh
SE2,2026-02-05 02:45:00+01:00,2026-02-05 03:00:00+01:00,2026-02-05,2.0,0.9063,SEK,SEK/kWh
SE2,2026-02-05 03:00:00+01:00,2026-02-05 03:15:00+01:00,2026-02-05,3.0,0.89922,SEK,SEK/kWh
SE2,2026-02-05 03:15:00+01:00,2026-02-05 03:30:00+01:00,2026-02-05,3.0,0.91793,SEK,SEK/kWh
SE2,2026-02-05 03:30:00+01:00,2026-02-05 03:45:00+01:00,2026-02-05,3.0,0.91804,SEK,SEK/kWh
SE2,2026-02-05 03:45:00+01:00,2026-02-05 04:00:00+01:00,2026-02-05,3.0,0.91825,SEK,SEK/kWh
SE2,2026-02-05 04:00:00+01:00,2026-02-05 04:15:00+01:00,2026-02-05,4.0,0.90662,SEK,SEK/kWh
SE2,2026-02-05 04:15:00+01:00,2026-02-05 04:30:00+01:00,2026-02-05,4.0,0.92417,SEK,SEK/kWh
SE2,2026-02-05 04:30:00+01:00,2026-02-05 04:45:00+01:00,2026-02-05,4.0,0.93717,SEK,SEK/kWh
SE2,2026-02-05 04:45:00+01:00,2026-02-05 05:00:00+01:00,2026-02-05,4.0,0.95652,SEK,SEK/kWh
SE2,2026-02-05 05:00:00+01:00,2026-02-05 05:15:00+01:00,2026-02-05,5.0,0.9137,SEK,SEK/kWh
SE2,2026-02-05 05:15:00+01:00,2026-02-05 05:30:00+01:00,2026-02-05,5.0,0.93094,SEK,SEK/kWh
SE2,2026-02-05 05:30:00+01:00,2026-02-05 05:45:00+01:00,2026-02-05,5.0,0.97175,SEK,SEK/kWh
SE2,2026-02-05 05:45:00+01:00,2026-02-05 06:00:00+01:00,2026-02-05,5.0,1.02228,SEK,SEK/kWh
SE2,2026-02-05 06:00:00+01:00,2026-02-05 06:15:00+01:00,2026-02-05,6.0,0.9284,SEK,SEK/kWh
SE2,2026-02-05 06:15:00+01:00,2026-02-05 06:30:00+01:00,2026-02-05,6.0,1.07018,SEK,SEK/kWh
SE2,2026-02-05 06:30:00+01:00,2026-02-05 06:45:00+01:00,2026-02-05,6.0,1.11691,SEK,SEK/kWh
SE2,2026-02-05 06:45:00+01:00,2026-02-05 07:00:00+01:00,2026-02-05,6.0,1.14398,SEK,SEK/kWh
SE2,2026-02-05 07:00:00+01:00,2026-02-05 07:15:00+01:00,2026-02-05,7.0,1.09196,SEK,SEK/kWh
SE2,2026-02-05 07:15:00+01:00,2026-02-05 07:30:00+01:00,2026-02-05,7.0,1.16438,SEK,SEK/kWh
SE2,2026-02-05 07:30:00+01:00,2026-02-05 07:45:00+01:00,2026-02-05,7.0,1.14768,SEK,SEK/kWh
SE2,2026-02-05 07:45:00+01:00,2026-02-05 08:00:00+01:00,2026-02-05,7.0,1.17961,SEK,SEK/kWh
SE2,2026-02-05 08:00:00+01:00,2026-02-05 08:15:00+01:00,2026-02-05,8.0,1.22317,SEK,SEK/kWh
SE2,2026-02-05 08:15:00+01:00,2026-02-05 08:30:00+01:00,2026-02-05,8.0,1.23416,SEK,SEK/kWh
SE2,2026-02-05 08:30:00+01:00,2026-02-05 08:45:00+01:00,2026-02-05,8.0,1.24209,SEK,SEK/kWh
SE2,2026-02-05 08:45:00+01:00,2026-02-05 09:00:00+01:00,2026-02-05,8.0,1.28555,SEK,SEK/kWh
SE2,2026-02-05 09:00:00+01:00,2026-02-05 09:15:00+01:00,2026-02-05,9.0,1.35839,SEK,SEK/kWh
SE2,2026-02-05 09:15:00+01:00,2026-02-05 09:30:00+01:00,2026-02-05,9.0,1.3346,SEK,SEK/kWh
SE2,2026-02-05 09:30:00+01:00,2026-02-05 09:45:00+01:00,2026-02-05,9.0,1.33059,SEK,SEK/kWh
SE2,2026-02-05 09:45:00+01:00,2026-02-05 10:00:00+01:00,2026-02-05,9.0,1.35892,SEK,SEK/kWh
SE2,2026-02-05 10:00:00+01:00,2026-02-05 10:15:00+01:00,2026-02-05,10.0,1.3843,SEK,SEK/kWh
SE2,2026-02-05 10:15:00+01:00,2026-02-05 10:30:00+01:00,2026-02-05,10.0,1.32562,SEK,SEK/kWh
SE2,2026-02-05 10:30:00+01:00,2026-02-05 10:45:00+01:00,2026-02-05,10.0,1.33566,SEK,SEK/kWh
SE2,2026-02-05 10:45:00+01:00,2026-02-05 11:00:00+01:00,2026-02-05,10.0,1.29422,SEK,SEK/kWh
SE2,2026-02-05 11:00:00+01:00,2026-02-05 11:15:00+01:00,2026-02-05,11.0,1.38969,SEK,SEK/kWh
SE2,2026-02-05 11:15:00+01:00,2026-02-05 11:30:00+01:00,2026-02-05,11.0,1.32245,SEK,SEK/kWh
SE2,2026-02-05 11:30:00+01:00,2026-02-05 11:45:00+01:00,2026-02-05,11.0,1.31282,SEK,SEK/kWh
SE2,2026-02-05 11:45:00+01:00,2026-02-05 12:00:00+01:00,2026-02-05,11.0,1.27413,SEK,SEK/kWh
SE2,2026-02-05 12:00:00+01:00,2026-02-05 12:15:00+01:00,2026-02-05,12.0,1.30934,SEK,SEK/kWh
SE2,2026-02-05 12:15:00+01:00,2026-02-05 12:30:00+01:00,2026-02-05,12.0,1.27719,SEK,SEK/kWh
SE2,2026-02-05 12:30:00+01:00,2026-02-05 12:45:00+01:00,2026-02-05,12.0,1.25076,SEK,SEK/kWh
SE2,2026-02-05 12:45:00+01:00,2026-02-05 13:00:00+01:00,2026-02-05,12.0,1.24104,SEK,SEK/kWh
SE2,2026-02-05 13:00:00+01:00,2026-02-05 13:15:00+01:00,2026-02-05,13.0,1.2312,SEK,SEK/kWh
SE2,2026-02-05 13:15:00+01:00,2026-02-05 13:30:00+01:00,2026-02-05,13.0,1.22264,SEK,SEK/kWh
SE2,2026-02-05 13:30:00+01:00,2026-02-05 13:45:00+01:00,2026-02-05,13.0,1.22359,SEK,SEK/kWh
SE2,2026-02-05 13:45:00+01:00,2026-02-05 14:00:00+01:00,2026-02-05,13.0,1.22,SEK,SEK/kWh
SE2,2026-02-05 14:00:00+01:00,2026-02-05 14:15:00+01:00,2026-02-05,14.0,1.20985,SEK,SEK/kWh
SE2,2026-02-05 14:15:00+01:00,2026-02-05 14:30:00+01:00,2026-02-05,14.0,1.20234,SEK,SEK/kWh
SE2,2026-02-05 14:30:00+01:00,2026-02-05 14:45:00+01:00,2026-02-05,14.0,1.20593,SEK,SEK/kWh
SE2,2026-02-05 14:45:00+01:00,2026-02-05 15:00:00+01:00,2026-02-05,14.0,1.2404,SEK,SEK/kWh
SE2,2026-02-05 15:00:00+01:00,2026-02-05 15:15:00+01:00,2026-02-05,15.0,1.17633,SEK,SEK/kWh
SE2,2026-02-05 15:15:00+01:00,2026-02-05 15:30:00+01:00,2026-02-05,15.0,1.20815,SEK,SEK/kWh
SE2,2026-02-05 15:30:00+01:00,2026-02-05 15:45:00+01:00,2026-02-05,15.0,1.28185,SEK,SEK/kWh
SE2,2026-02-05 15:45:00+01:00,2026-02-05 16:00:00+01:00,2026-02-05,15.0,1.37594,SEK,SEK/kWh
SE2,2026-02-05 16:00:00+01:00,2026-02-05 16:15:00+01:00,2026-02-05,16.0,1.26821,SEK,SEK/kWh
SE2,2026-02-05 16:15:00+01:00,2026-02-05 16:30:00+01:00,2026-02-05,16.0,1.33207,SEK,SEK/kWh
SE2,2026-02-05 16:30:00+01:00,2026-02-05 16:45:00+01:00,2026-02-05,16.0,1.40174,SEK,SEK/kWh
SE2,2026-02-05 16:45:00+01:00,2026-02-05 17:00:00+01:00,2026-02-05,16.0,1.388,SEK,SEK/kWh
SE2,2026-02-05 17:00:00+01:00,2026-02-05 17:15:00+01:00,2026-02-05,17.0,1.39117,SEK,SEK/kWh
SE2,2026-02-05 17:15:00+01:00,2026-02-05 17:30:00+01:00,2026-02-05,17.0,1.44234,SEK,SEK/kWh
SE2,2026-02-05 17:30:00+01:00,2026-02-05 17:45:00+01:00,2026-02-05,17.0,1.57514,SEK,SEK/kWh
SE2,2026-02-05 17:45:00+01:00,2026-02-05 18:00:00+01:00,2026-02-05,17.0,1.60929,SEK,SEK/kWh
SE2,2026-02-05 18:00:00+01:00,2026-02-05 18:15:00+01:00,2026-02-05,18.0,1.49721,SEK,SEK/kWh
SE2,2026-02-05 18:15:00+01:00,2026-02-05 18:30:00+01:00,2026-02-05,18.0,1.44435,SEK,SEK/kWh
SE2,2026-02-05 18:30:00+01:00,2026-02-05 18:45:00+01:00,2026-02-05,18.0,1.4729,SEK,SEK/kWh
SE2,2026-02-05 18:45:00+01:00,2026-02-05 19:00:00+01:00,2026-02-05,18.0,1.42648,SEK,SEK/kWh
SE2,2026-02-05 19:00:00+01:00,2026-02-05 19:15:00+01:00,2026-02-05,19.0,1.48273,SEK,SEK/kWh
SE2,2026-02-05 19:15:00+01:00,2026-02-05 19:30:00+01:00,2026-02-05,19.0,1.42077,SEK,SEK/kWh
SE2,2026-02-05 19:30:00+01:00,2026-02-05 19:45:00+01:00,2026-02-05,19.0,1.38683,SEK,SEK/kWh
SE2,2026-02-05 19:45:00+01:00,2026-02-05 20:00:00+01:00,2026-02-05,19.0,1.34084,SEK,SEK/kWh
SE2,2026-02-05 20:00:00+01:00,2026-02-05 20:15:00+01:00,2026-02-05,20.0,1.38863,SEK,SEK/kWh
SE2,2026-02-05 20:15:00+01:00,2026-02-05 20:30:00+01:00,2026-02-05,20.0,1.30912,SEK,SEK/kWh
SE2,2026-02-05 20:30:00+01:00,2026-02-05 20:45:00+01:00,2026-02-05,20.0,1.24051,SEK,SEK/kWh
SE2,2026-02-05 20:45:00+01:00,2026-02-05 21:00:00+01:00,2026-02-05,20.0,1.1702,SEK,SEK/kWh
SE2,2026-02-05 21:00:00+01:00,2026-02-05 21:15:00+01:00,2026-02-05,21.0,1.19896,SEK,SEK/kWh
SE2,2026-02-05 21:15:00+01:00,2026-02-05 21:30:00+01:00,2026-02-05,21.0,1.15328,SEK,SEK/kWh
SE2,2026-02-05 21:30:00+01:00,2026-02-05 21:45:00+01:00,2026-02-05,21.0,1.13171,SEK,SEK/kWh
SE2,2026-02-05 21:45:00+01:00,2026-02-05 22:00:00+01:00,2026-02-05,21.0,1.10042,SEK,SEK/kWh
SE2,2026-02-05 22:00:00+01:00,2026-02-05 22:15:00+01:00,2026-02-05,22.0,1.14472,SEK,SEK/kWh
SE2,2026-02-05 22:15:00+01:00,2026-02-05 22:30:00+01:00,2026-02-05,22.0,1.12621,SEK,SEK/kWh
SE2,2026-02-05 22:30:00+01:00,2026-02-05 22:45:00+01:00,2026-02-05,22.0,1.10221,SEK,SEK/kWh
SE2,2026-02-05 22:45:00+01:00,2026-02-05 23:00:00+01:00,2026-02-05,22.0,1.08435,SEK,SEK/kWh
SE2,2026-02-05 23:00:00+01:00,2026-02-05 23:15:00+01:00,2026-02-05,23.0,1.12114,SEK,SEK/kWh
SE2,2026-02-05 23:15:00+01:00,2026-02-05 23:30:00+01:00,2026-02-05,23.0,1.07208,SEK,SEK/kWh
SE2,2026-02-05 23:30:00+01:00,2026-02-05 23:45:00+01:00,2026-02-05,23.0,1.03846,SEK,SEK/kWh
SE2,2026-02-05 23:45:00+01:00,2026-02-06 00:00:00+01:00,2026-02-05,23.0,0.98729,SEK,SEK/kWh
SE2,2026-02-06 00:00:00+01:00,2026-02-06 00:15:00+01:00,2026-02-06,0.0,1.06811,SEK,SEK/kWh
SE2,2026-02-06 00:15:00+01:00,2026-02-06 00:30:00+01:00,2026-02-06,0.0,1.05175,SEK,SEK/kWh
SE2,2026-02-06 00:30:00+01:00,2026-02-06 00:45:00+01:00,2026-02-06,0.0,1.05122,SEK,SEK/kWh
SE2,2026-02-06 00:45:00+01:00,2026-02-06 01:00:00+01:00,2026-02-06,0.0,1.05547,SEK,SEK/kWh
SE2,2026-02-06 01:00:00+01:00,2026-02-06 01:15:00+01:00,2026-02-06,1.0,1.08012,SEK,SEK/kWh
SE2,2026-02-06 01:15:00+01:00,2026-02-06 01:30:00+01:00,2026-02-06,1.0,1.05908,SEK,SEK/kWh
SE2,2026-02-06 01:30:00+01:00,2026-02-06 01:45:00+01:00,2026-02-06,1.0,1.04601,SEK,SEK/kWh
SE2,2026-02-06 01:45:00+01:00,2026-02-06 02:00:00+01:00,2026-02-06,1.0,1.03783,SEK,SEK/kWh
SE2,2026-02-06 02:00:00+01:00,2026-02-06 02:15:00+01:00,2026-02-06,2.0,1.05207,SEK,SEK/kWh
SE2,2026-02-06 02:15:00+01:00,2026-02-06 02:30:00+01:00,2026-02-06,2.0,1.04059,SEK,SEK/kWh
SE2,2026-02-06 02:30:00+01:00,2026-02-06 02:45:00+01:00,2026-02-06,2.0,1.03411,SEK,SEK/kWh
SE2,2026-02-06 02:45:00+01:00,2026-02-06 03:00:00+01:00,2026-02-06,2.0,1.04665,SEK,SEK/kWh
SE2,2026-02-06 03:00:00+01:00,2026-02-06 03:15:00+01:00,2026-02-06,3.0,1.0306,SEK,SEK/kWh
SE2,2026-02-06 03:15:00+01:00,2026-02-06 03:30:00+01:00,2026-02-06,3.0,1.05271,SEK,SEK/kWh
SE2,2026-02-06 03:30:00+01:00,2026-02-06 03:45:00+01:00,2026-02-06,3.0,1.04867,SEK,SEK/kWh
SE2,2026-02-06 03:45:00+01:00,2026-02-06 04:00:00+01:00,2026-02-06,3.0,1.05515,SEK,SEK/kWh
SE2,2026-02-06 04:00:00+01:00,2026-02-06 04:15:00+01:00,2026-02-06,4.0,1.02189,SEK,SEK/kWh
SE2,2026-02-06 04:15:00+01:00,2026-02-06 04:30:00+01:00,2026-02-06,4.0,1.04112,SEK,SEK/kWh
SE2,2026-02-06 04:30:00+01:00,2026-02-06 04:45:00+01:00,2026-02-06,4.0,1.04984,SEK,SEK/kWh
SE2,2026-02-06 04:45:00+01:00,2026-02-06 05:00:00+01:00,2026-02-06,4.0,1.07449,SEK,SEK/kWh
SE2,2026-02-06 05:00:00+01:00,2026-02-06 05:15:00+01:00,2026-02-06,5.0,1.05133,SEK,SEK/kWh
SE2,2026-02-06 05:15:00+01:00,2026-02-06 05:30:00+01:00,2026-02-06,5.0,1.07948,SEK,SEK/kWh
SE2,2026-02-06 05:30:00+01:00,2026-02-06 05:45:00+01:00,2026-02-06,5.0,1.1069,SEK,SEK/kWh
SE2,2026-02-06 05:45:00+01:00,2026-02-06 06:00:00+01:00,2026-02-06,5.0,1.16927,SEK,SEK/kWh
SE2,2026-02-06 06:00:00+01:00,2026-02-06 06:15:00+01:00,2026-02-06,6.0,1.07502,SEK,SEK/kWh
SE2,2026-02-06 06:15:00+01:00,2026-02-06 06:30:00+01:00,2026-02-06,6.0,1.10435,SEK,SEK/kWh
SE2,2026-02-06 06:30:00+01:00,2026-02-06 06:45:00+01:00,2026-02-06,6.0,1.15631,SEK,SEK/kWh
SE2,2026-02-06 06:45:00+01:00,2026-02-06 07:00:00+01:00,2026-02-06,6.0,1.23813,SEK,SEK/kWh
SE2,2026-02-06 07:00:00+01:00,2026-02-06 07:15:00+01:00,2026-02-06,7.0,1.22835,SEK,SEK/kWh
SE2,2026-02-06 07:15:00+01:00,2026-02-06 07:30:00+01:00,2026-02-06,7.0,1.32707,SEK,SEK/kWh
SE2,2026-02-06 07:30:00+01:00,2026-02-06 07:45:00+01:00,2026-02-06,7.0,1.46297,SEK,SEK/kWh
SE2,2026-02-06 07:45:00+01:00,2026-02-06 08:00:00+01:00,2026-02-06,7.0,1.51483,SEK,SEK/kWh
SE2,2026-02-06 08:00:00+01:00,2026-02-06 08:15:00+01:00,2026-02-06,8.0,1.44937,SEK,SEK/kWh
SE2,2026-02-06 08:15:00+01:00,2026-02-06 08:30:00+01:00,2026-02-06,8.0,1.52407,SEK,SEK/kWh
SE2,2026-02-06 08:30:00+01:00,2026-02-06 08:45:00+01:00,2026-02-06,8.0,1.55127,SEK,SEK/kWh
SE2,2026-02-06 08:45:00+01:00,2026-02-06 09:00:00+01:00,2026-02-06,8.0,1.56307,SEK,SEK/kWh
SE2,2026-02-06 09:00:00+01:00,2026-02-06 09:15:00+01:00,2026-02-06,9.0,1.57295,SEK,SEK/kWh
SE2,2026-02-06 09:15:00+01:00,2026-02-06 09:30:00+01:00,2026-02-06,9.0,1.57136,SEK,SEK/kWh
SE2,2026-02-06 09:30:00+01:00,2026-02-06 09:45:00+01:00,2026-02-06,9.0,1.50463,SEK,SEK/kWh
SE2,2026-02-06 09:45:00+01:00,2026-02-06 10:00:00+01:00,2026-02-06,9.0,1.47562,SEK,SEK/kWh
SE2,2026-02-06 10:00:00+01:00,2026-02-06 10:15:00+01:00,2026-02-06,10.0,1.57221,SEK,SEK/kWh
SE2,2026-02-06 10:15:00+01:00,2026-02-06 10:30:00+01:00,2026-02-06,10.0,1.52481,SEK,SEK/kWh
SE2,2026-02-06 10:30:00+01:00,2026-02-06 10:45:00+01:00,2026-02-06,10.0,1.48709,SEK,SEK/kWh
SE2,2026-02-06 10:45:00+01:00,2026-02-06 11:00:00+01:00,2026-02-06,10.0,1.4515,SEK,SEK/kWh
SE2,2026-02-06 11:00:00+01:00,2026-02-06 11:15:00+01:00,2026-02-06,11.0,1.52545,SEK,SEK/kWh
SE2,2026-02-06 11:15:00+01:00,2026-02-06 11:30:00+01:00,2026-02-06,11.0,1.49921,SEK,SEK/kWh
SE2,2026-02-06 11:30:00+01:00,2026-02-06 11:45:00+01:00,2026-02-06,11.0,1.46287,SEK,SEK/kWh
SE2,2026-02-06 11:45:00+01:00,2026-02-06 12:00:00+01:00,2026-02-06,11.0,1.40495,SEK,SEK/kWh
SE2,2026-02-06 12:00:00+01:00,2026-02-06 12:15:00+01:00,2026-02-06,12.0,1.43843,SEK,SEK/kWh
SE2,2026-02-06 12:15:00+01:00,2026-02-06 12:30:00+01:00,2026-02-06,12.0,1.40283,SEK,SEK/kWh
SE2,2026-02-06 12:30:00+01:00,2026-02-06 12:45:00+01:00,2026-02-06,12.0,1.41686,SEK,SEK/kWh
SE2,2026-02-06 12:45:00+01:00,2026-02-06 13:00:00+01:00,2026-02-06,12.0,1.36373,SEK,SEK/kWh
SE2,2026-02-06 13:00:00+01:00,2026-02-06 13:15:00+01:00,2026-02-06,13.0,1.42823,SEK,SEK/kWh
SE2,2026-02-06 13:15:00+01:00,2026-02-06 13:30:00+01:00,2026-02-06,13.0,1.39847,SEK,SEK/kWh
SE2,2026-02-06 13:30:00+01:00,2026-02-06 13:45:00+01:00,2026-02-06,13.0,1.35937,SEK,SEK/kWh
SE2,2026-02-06 13:45:00+01:00,2026-02-06 14:00:00+01:00,2026-02-06,13.0,1.3022,SEK,SEK/kWh
SE2,2026-02-06 14:00:00+01:00,2026-02-06 14:15:00+01:00,2026-02-06,14.0,1.25364,SEK,SEK/kWh
SE2,2026-02-06 14:15:00+01:00,2026-02-06 14:30:00+01:00,2026-02-06,14.0,1.24323,SEK,SEK/kWh
SE2,2026-02-06 14:30:00+01:00,2026-02-06 14:45:00+01:00,2026-02-06,14.0,1.28764,SEK,SEK/kWh
SE2,2026-02-06 14:45:00+01:00,2026-02-06 15:00:00+01:00,2026-02-06,14.0,1.33663,SEK,SEK/kWh
SE2,2026-02-06 15:00:00+01:00,2026-02-06 15:15:00+01:00,2026-02-06,15.0,1.2257,SEK,SEK/kWh
SE2,2026-02-06 15:15:00+01:00,2026-02-06 15:30:00+01:00,2026-02-06,15.0,1.27628,SEK,SEK/kWh
SE2,2026-02-06 15:30:00+01:00,2026-02-06 15:45:00+01:00,2026-02-06,15.0,1.32537,SEK,SEK/kWh
SE2,2026-02-06 15:45:00+01:00,2026-02-06 16:00:00+01:00,2026-02-06,15.0,1.34386,SEK,SEK/kWh
SE2,2026-02-06 16:00:00+01:00,2026-02-06 16:15:00+01:00,2026-02-06,16.0,1.25364,SEK,SEK/kWh
SE2,2026-02-06 16:15:00+01:00,2026-02-06 16:30:00+01:00,2026-02-06,16.0,1.2903,SEK,SEK/kWh
SE2,2026-02-06 16:30:00+01:00,2026-02-06 16:45:00+01:00,2026-02-06,16.0,1.31038,SEK,SEK/kWh
SE2,2026-02-06 16:45:00+01:00,2026-02-06 17:00:00+01:00,2026-02-06,16.0,1.32877,SEK,SEK/kWh
SE2,2026-02-06 17:00:00+01:00,2026-02-06 17:15:00+01:00,2026-02-06,17.0,1.28233,SEK,SEK/kWh
SE2,2026-02-06 17:15:00+01:00,2026-02-06 17:30:00+01:00,2026-02-06,17.0,1.35469,SEK,SEK/kWh
SE2,2026-02-06 17:30:00+01:00,2026-02-06 17:45:00+01:00,2026-02-06,17.0,1.39571,SEK,SEK/kWh
SE2,2026-02-06 17:45:00+01:00,2026-02-06 18:00:00+01:00,2026-02-06,17.0,1.44926,SEK,SEK/kWh
SE2,2026-02-06 18:00:00+01:00,2026-02-06 18:15:00+01:00,2026-02-06,18.0,1.40772,SEK,SEK/kWh
SE2,2026-02-06 18:15:00+01:00,2026-02-06 18:30:00+01:00,2026-02-06,18.0,1.38338,SEK,SEK/kWh
SE2,2026-02-06 18:30:00+01:00,2026-02-06 18:45:00+01:00,2026-02-06,18.0,1.29859,SEK,SEK/kWh
SE2,2026-02-06 18:45:00+01:00,2026-02-06 19:00:00+01:00,2026-02-06,18.0,1.28648,SEK,SEK/kWh
SE2,2026-02-06 19:00:00+01:00,2026-02-06 19:15:00+01:00,2026-02-06,19.0,1.3209,SEK,SEK/kWh
SE2,2026-02-06 19:15:00+01:00,2026-02-06 19:30:00+01:00,2026-02-06,19.0,1.2512,SEK,SEK/kWh
SE2,2026-02-06 19:30:00+01:00,2026-02-06 19:45:00+01:00,2026-02-06,19.0,1.23972,SEK,SEK/kWh
SE2,2026-02-06 19:45:00+01:00,2026-02-06 20:00:00+01:00,2026-02-06,19.0,1.18181,SEK,SEK/kWh
SE2,2026-02-06 20:00:00+01:00,2026-02-06 20:15:00+01:00,2026-02-06,20.0,1.20721,SEK,SEK/kWh
SE2,2026-02-06 20:15:00+01:00,2026-02-06 20:30:00+01:00,2026-02-06,20.0,1.14483,SEK,SEK/kWh
SE2,2026-02-06 20:30:00+01:00,2026-02-06 20:45:00+01:00,2026-02-06,20.0,1.11402,SEK,SEK/kWh
SE2,2026-02-06 20:45:00+01:00,2026-02-06 21:00:00+01:00,2026-02-06,20.0,1.10509,SEK,SEK/kWh
SE2,2026-02-06 21:00:00+01:00,2026-02-06 21:15:00+01:00,2026-02-06,21.0,1.15216,SEK,SEK/kWh
SE2,2026-02-06 21:15:00+01:00,2026-02-06 21:30:00+01:00,2026-02-06,21.0,1.12826,SEK,SEK/kWh
SE2,2026-02-06 21:30:00+01:00,2026-02-06 21:45:00+01:00,2026-02-06,21.0,1.10382,SEK,SEK/kWh
SE2,2026-02-06 21:45:00+01:00,2026-02-06 22:00:00+01:00,2026-02-06,21.0,1.08416,SEK,SEK/kWh
SE2,2026-02-06 22:00:00+01:00,2026-02-06 22:15:00+01:00,2026-02-06,22.0,1.11115,SEK,SEK/kWh
SE2,2026-02-06 22:15:00+01:00,2026-02-06 22:30:00+01:00,2026-02-06,22.0,1.09819,SEK,SEK/kWh
SE2,2026-02-06 22:30:00+01:00,2026-02-06 22:45:00+01:00,2026-02-06,22.0,1.0883,SEK,SEK/kWh
SE2,2026-02-06 22:45:00+01:00,2026-02-06 23:00:00+01:00,2026-02-06,22.0,1.0798,SEK,SEK/kWh
SE2,2026-02-06 23:00:00+01:00,2026-02-06 23:15:00+01:00,2026-02-06,23.0,1.08767,SEK,SEK/kWh
SE2,2026-02-06 23:15:00+01:00,2026-02-06 23:30:00+01:00,2026-02-06,23.0,1.07321,SEK,SEK/kWh
SE2,2026-02-06 23:30:00+01:00,2026-02-06 23:45:00+01:00,2026-02-06,23.0,1.06333,SEK,SEK/kWh
SE2,2026-02-06 23:45:00+01:00,2026-02-07 00:00:00+01:00,2026-02-06,23.0,1.02115,SEK,SEK/kWh
SE2,2026-02-07 00:00:00+01:00,2026-02-07 00:15:00+01:00,2026-02-07,0.0,1.10536,SEK,SEK/kWh
SE2,2026-02-07 00:15:00+01:00,2026-02-07 00:30:00+01:00,2026-02-07,0.0,1.08754,SEK,SEK/kWh
SE2,2026-02-07 00:30:00+01:00,2026-02-07 00:45:00+01:00,2026-02-07,0.0,1.07229,SEK,SEK/kWh
SE2,2026-02-07 00:45:00+01:00,2026-02-07 01:00:00+01:00,2026-02-07,0.0,1.06493,SEK,SEK/kWh
SE2,2026-02-07 01:00:00+01:00,2026-02-07 01:15:00+01:00,2026-02-07,1.0,1.0693,SEK,SEK/kWh
SE2,2026-02-07 01:15:00+01:00,2026-02-07 01:30:00+01:00,2026-02-07,1.0,1.05362,SEK,SEK/kWh
SE2,2026-02-07 01:30:00+01:00,2026-02-07 01:45:00+01:00,2026-02-07,1.0,1.07421,SEK,SEK/kWh
SE2,2026-02-07 01:45:00+01:00,2026-02-07 02:00:00+01:00,2026-02-07,1.0,1.06962,SEK,SEK/kWh
SE2,2026-02-07 02:00:00+01:00,2026-02-07 02:15:00+01:00,2026-02-07,2.0,1.06845,SEK,SEK/kWh
SE2,2026-02-07 02:15:00+01:00,2026-02-07 02:30:00+01:00,2026-02-07,2.0,1.06034,SEK,SEK/kWh
SE2,2026-02-07 02:30:00+01:00,2026-02-07 02:45:00+01:00,2026-02-07,2.0,1.03357,SEK,SEK/kWh
SE2,2026-02-07 02:45:00+01:00,2026-02-07 03:00:00+01:00,2026-02-07,2.0,1.02108,SEK,SEK/kWh
SE2,2026-02-07 03:00:00+01:00,2026-02-07 03:15:00+01:00,2026-02-07,3.0,1.04807,SEK,SEK/kWh
SE2,2026-02-07 03:15:00+01:00,2026-02-07 03:30:00+01:00,2026-02-07,3.0,1.0293,SEK,SEK/kWh
SE2,2026-02-07 03:30:00+01:00,2026-02-07 03:45:00+01:00,2026-02-07,3.0,1.03805,SEK,SEK/kWh
SE2,2026-02-07 03:45:00+01:00,2026-02-07 04:00:00+01:00,2026-02-07,3.0,1.0182,SEK,SEK/kWh
SE2,2026-02-07 04:00:00+01:00,2026-02-07 04:15:00+01:00,2026-02-07,4.0,1.02247,SEK,SEK/kWh
SE2,2026-02-07 04:15:00+01:00,2026-02-07 04:30:00+01:00,2026-02-07,4.0,1.03015,SEK,SEK/kWh
SE2,2026-02-07 04:30:00+01:00,2026-02-07 04:45:00+01:00,2026-02-07,4.0,1.0325,SEK,SEK/kWh
SE2,2026-02-07 04:45:00+01:00,2026-02-07 05:00:00+01:00,2026-02-07,4.0,1.0277,SEK,SEK/kWh
SE2,2026-02-07 05:00:00+01:00,2026-02-07 05:15:00+01:00,2026-02-07,5.0,1.00871,SEK,SEK/kWh
SE2,2026-02-07 05:15:00+01:00,2026-02-07 05:30:00+01:00,2026-02-07,5.0,1.0277,SEK,SEK/kWh
SE2,2026-02-07 05:30:00+01:00,2026-02-07 05:45:00+01:00,2026-02-07,5.0,1.03186,SEK,SEK/kWh
SE2,2026-02-07 05:45:00+01:00,2026-02-07 06:00:00+01:00,2026-02-07,5.0,1.04551,SEK,SEK/kWh
SE2,2026-02-07 06:00:00+01:00,2026-02-07 06:15:00+01:00,2026-02-07,6.0,0.96433,SEK,SEK/kWh
SE2,2026-02-07 06:15:00+01:00,2026-02-07 06:30:00+01:00,2026-02-07,6.0,1.02364,SEK,SEK/kWh
SE2,2026-02-07 06:30:00+01:00,2026-02-07 06:45:00+01:00,2026-02-07,6.0,1.05575,SEK,SEK/kWh
SE2,2026-02-07 06:45:00+01:00,2026-02-07 07:00:00+01:00,2026-02-07,6.0,1.07624,SEK,SEK/kWh
SE2,2026-02-07 07:00:00+01:00,2026-02-07 07:15:00+01:00,2026-02-07,7.0,1.06962,SEK,SEK/kWh
SE2,2026-02-07 07:15:00+01:00,2026-02-07 07:30:00+01:00,2026-02-07,7.0,1.09213,SEK,SEK/kWh
SE2,2026-02-07 07:30:00+01:00,2026-02-07 07:45:00+01:00,2026-02-07,7.0,1.10973,SEK,SEK/kWh
SE2,2026-02-07 07:45:00+01:00,2026-02-07 08:00:00+01:00,2026-02-07,7.0,1.12445,SEK,SEK/kWh
SE2,2026-02-07 08:00:00+01:00,2026-02-07 08:15:00+01:00,2026-02-07,8.0,1.11773,SEK,SEK/kWh
SE2,2026-02-07 08:15:00+01:00,2026-02-07 08:30:00+01:00,2026-02-07,8.0,1.14771,SEK,SEK/kWh
SE2,2026-02-07 08:30:00+01:00,2026-02-07 08:45:00+01:00,2026-02-07,8.0,1.16723,SEK,SEK/kWh
SE2,2026-02-07 08:45:00+01:00,2026-02-07 09:00:00+01:00,2026-02-07,8.0,1.16766,SEK,SEK/kWh
SE2,2026-02-07 09:00:00+01:00,2026-02-07 09:15:00+01:00,2026-02-07,9.0,1.22633,SEK,SEK/kWh
SE2,2026-02-07 09:15:00+01:00,2026-02-07 09:30:00+01:00,2026-02-07,9.0,1.17352,SEK,SEK/kWh
SE2,2026-02-07 09:30:00+01:00,2026-02-07 09:45:00+01:00,2026-02-07,9.0,1.19912,SEK,SEK/kWh
SE2,2026-02-07 09:45:00+01:00,2026-02-07 10:00:00+01:00,2026-02-07,9.0,1.16701,SEK,SEK/kWh
SE2,2026-02-07 10:00:00+01:00,2026-02-07 10:15:00+01:00,2026-02-07,10.0,1.20616,SEK,SEK/kWh
SE2,2026-02-07 10:15:00+01:00,2026-02-07 10:30:00+01:00,2026-02-07,10.0,1.16627,SEK,SEK/kWh
SE2,2026-02-07 10:30:00+01:00,2026-02-07 10:45:00+01:00,2026-02-07,10.0,1.14931,SEK,SEK/kWh
SE2,2026-02-07 10:45:00+01:00,2026-02-07 11:00:00+01:00,2026-02-07,10.0,1.13107,SEK,SEK/kWh
SE2,2026-02-07 11:00:00+01:00,2026-02-07 11:15:00+01:00,2026-02-07,11.0,1.13981,SEK,SEK/kWh
SE2,2026-02-07 11:15:00+01:00,2026-02-07 11:30:00+01:00,2026-02-07,11.0,1.12851,SEK,SEK/kWh
SE2,2026-02-07 11:30:00+01:00,2026-02-07 11:45:00+01:00,2026-02-07,11.0,1.10664,SEK,SEK/kWh
SE2,2026-02-07 11:45:00+01:00,2026-02-07 12:00:00+01:00,2026-02-07,11.0,1.08413,SEK,SEK/kWh
SE2,2026-02-07 12:00:00+01:00,2026-02-07 12:15:00+01:00,2026-02-07,12.0,1.10589,SEK,SEK/kWh
SE2,2026-02-07 12:15:00+01:00,2026-02-07 12:30:00+01:00,2026-02-07,12.0,1.0789,SEK,SEK/kWh
SE2,2026-02-07 12:30:00+01:00,2026-02-07 12:45:00+01:00,2026-02-07,12.0,1.07218,SEK,SEK/kWh
SE2,2026-02-07 12:45:00+01:00,2026-02-07 13:00:00+01:00,2026-02-07,12.0,1.06663,SEK,SEK/kWh
SE2,2026-02-07 13:00:00+01:00,2026-02-07 13:15:00+01:00,2026-02-07,13.0,1.07101,SEK,SEK/kWh
SE2,2026-02-07 13:15:00+01:00,2026-02-07 13:30:00+01:00,2026-02-07,13.0,1.0629,SEK,SEK/kWh
SE2,2026-02-07 13:30:00+01:00,2026-02-07 13:45:00+01:00,2026-02-07,13.0,1.0565,SEK,SEK/kWh
SE2,2026-02-07 13:45:00+01:00,2026-02-07 14:00:00+01:00,2026-02-07,13.0,1.06546,SEK,SEK/kWh
SE2,2026-02-07 14:00:00+01:00,2026-02-07 14:15:00+01:00,2026-02-07,14.0,1.05799,SEK,SEK/kWh
SE2,2026-02-07 14:15:00+01:00,2026-02-07 14:30:00+01:00,2026-02-07,14.0,1.07133,SEK,SEK/kWh
SE2,2026-02-07 14:30:00+01:00,2026-02-07 14:45:00+01:00,2026-02-07,14.0,1.08605,SEK,SEK/kWh
SE2,2026-02-07 14:45:00+01:00,2026-02-07 15:00:00+01:00,2026-02-07,14.0,1.11421,SEK,SEK/kWh
SE2,2026-02-07 15:00:00+01:00,2026-02-07 15:15:00+01:00,2026-02-07,15.0,1.08402,SEK,SEK/kWh
SE2,2026-02-07 15:15:00+01:00,2026-02-07 15:30:00+01:00,2026-02-07,15.0,1.10674,SEK,SEK/kWh
SE2,2026-02-07 15:30:00+01:00,2026-02-07 15:45:00+01:00,2026-02-07,15.0,1.16264,SEK,SEK/kWh
SE2,2026-02-07 15:45:00+01:00,2026-02-07 16:00:00+01:00,2026-02-07,15.0,1.1924,SEK,SEK/kWh
SE2,2026-02-07 16:00:00+01:00,2026-02-07 16:15:00+01:00,2026-02-07,16.0,1.15464,SEK,SEK/kWh
SE2,2026-02-07 16:15:00+01:00,2026-02-07 16:30:00+01:00,2026-02-07,16.0,1.21907,SEK,SEK/kWh
SE2,2026-02-07 16:30:00+01:00,2026-02-07 16:45:00+01:00,2026-02-07,16.0,1.29054,SEK,SEK/kWh
SE2,2026-02-07 16:45:00+01:00,2026-02-07 17:00:00+01:00,2026-02-07,16.0,1.37428,SEK,SEK/kWh
SE2,2026-02-07 17:00:00+01:00,2026-02-07 17:15:00+01:00,2026-02-07,17.0,1.27177,SEK,SEK/kWh
SE2,2026-02-07 17:15:00+01:00,2026-02-07 17:30:00+01:00,2026-02-07,17.0,1.31903,SEK,SEK/kWh
SE2,2026-02-07 17:30:00+01:00,2026-02-07 17:45:00+01:00,2026-02-07,17.0,1.38356,SEK,SEK/kWh
SE2,2026-02-07 17:45:00+01:00,2026-02-07 18:00:00+01:00,2026-02-07,17.0,1.43978,SEK,SEK/kWh
SE2,2026-02-07 18:00:00+01:00,2026-02-07 18:15:00+01:00,2026-02-07,18.0,1.43743,SEK,SEK/kWh
SE2,2026-02-07 18:15:00+01:00,2026-02-07 18:30:00+01:00,2026-02-07,18.0,1.41791,SEK,SEK/kWh
SE2,2026-02-07 18:30:00+01:00,2026-02-07 18:45:00+01:00,2026-02-07,18.0,1.39551,SEK,SEK/kWh
SE2,2026-02-07 18:45:00+01:00,2026-02-07 19:00:00+01:00,2026-02-07,18.0,1.37311,SEK,SEK/kWh
SE2,2026-02-07 19:00:00+01:00,2026-02-07 19:15:00+01:00,2026-02-07,19.0,1.35903,SEK,SEK/kWh
SE2,2026-02-07 19:15:00+01:00,2026-02-07 19:30:00+01:00,2026-02-07,19.0,1.36522,SEK,SEK/kWh
SE2,2026-02-07 19:30:00+01:00,2026-02-07 19:45:00+01:00,2026-02-07,19.0,1.30526,SEK,SEK/kWh
SE2,2026-02-07 19:45:00+01:00,2026-02-07 20:00:00+01:00,2026-02-07,19.0,1.23123,SEK,SEK/kWh
SE2,2026-02-07 20:00:00+01:00,2026-02-07 20:15:00+01:00,2026-02-07,20.0,1.27838,SEK,SEK/kWh
SE2,2026-02-07 20:15:00+01:00,2026-02-07 20:30:00+01:00,2026-02-07,20.0,1.17896,SEK,SEK/kWh
SE2,2026-02-07 20:30:00+01:00,2026-02-07 20:45:00+01:00,2026-02-07,20.0,1.15443,SEK,SEK/kWh
SE2,2026-02-07 20:45:00+01:00,2026-02-07 21:00:00+01:00,2026-02-07,20.0,1.11784,SEK,SEK/kWh
SE2,2026-02-07 21:00:00+01:00,2026-02-07 21:15:00+01:00,2026-02-07,21.0,1.14067,SEK,SEK/kWh
SE2,2026-02-07 21:15:00+01:00,2026-02-07 21:30:00+01:00,2026-02-07,21.0,1.1236,SEK,SEK/kWh
SE2,2026-02-07 21:30:00+01:00,2026-02-07 21:45:00+01:00,2026-02-07,21.0,1.098,SEK,SEK/kWh
SE2,2026-02-07 21:45:00+01:00,2026-02-07 22:00:00+01:00,2026-02-07,21.0,1.08189,SEK,SEK/kWh
SE2,2026-02-07 22:00:00+01:00,2026-02-07 22:15:00+01:00,2026-02-07,22.0,1.11997,SEK,SEK/kWh
SE2,2026-02-07 22:15:00+01:00,2026-02-07 22:30:00+01:00,2026-02-07,22.0,1.10792,SEK,SEK/kWh
SE2,2026-02-07 22:30:00+01:00,2026-02-07 22:45:00+01:00,2026-02-07,22.0,1.09789,SEK,SEK/kWh
SE2,2026-02-07 22:45:00+01:00,2026-02-07 23:00:00+01:00,2026-02-07,22.0,1.05778,SEK,SEK/kWh
SE2,2026-02-07 23:00:00+01:00,2026-02-07 23:15:00+01:00,2026-02-07,23.0,1.10301,SEK,SEK/kWh
SE2,2026-02-07 23:15:00+01:00,2026-02-07 23:30:00+01:00,2026-02-07,23.0,1.06973,SEK,SEK/kWh
SE2,2026-02-07 23:30:00+01:00,2026-02-07 23:45:00+01:00,2026-02-07,23.0,1.00754,SEK,SEK/kWh
SE2,2026-02-07 23:45:00+01:00,2026-02-08 00:00:00+01:00,2026-02-07,23.0,0.93959,SEK,SEK/kWh
SE3,2026-02-01 00:00:00+01:00,2026-02-01 00:15:00+01:00,2026-02-01,0.0,0.63724,SEK,SEK/kWh
SE3,2026-02-01 00:15:00+01:00,2026-02-01 00:30:00+01:00,2026-02-01,0.0,0.63301,SEK,SEK/kWh
SE3,2026-02-01 00:30:00+01:00,2026-02-01 00:45:00+01:00,2026-02-01,0.0,0.63195,SEK,SEK/kWh
SE3,2026-02-01 00:45:00+01:00,2026-02-01 01:00:00+01:00,2026-02-01,0.0,0.62825,SEK,SEK/kWh
SE3,2026-02-01 01:00:00+01:00,2026-02-01 01:15:00+01:00,2026-02-01,1.0,0.63481,SEK,SEK/kWh
SE3,2026-02-01 01:15:00+01:00,2026-02-01 01:30:00+01:00,2026-02-01,1.0,0.63375,SEK,SEK/kWh
SE3,2026-02-01 01:30:00+01:00,2026-02-01 01:45:00+01:00,2026-02-01,1.0,0.63248,SEK,SEK/kWh
SE3,2026-02-01 01:45:00+01:00,2026-02-01 02:00:00+01:00,2026-02-01,1.0,0.62825,SEK,SEK/kWh
SE3,2026-02-01 02:00:00+01:00,2026-02-01 02:15:00+01:00,2026-02-01,2.0,0.64168,SEK,SEK/kWh
SE3,2026-02-01 02:15:00+01:00,2026-02-01 02:30:00+01:00,2026-02-01,2.0,0.63703,SEK,SEK/kWh
SE3,2026-02-01 02:30:00+01:00,2026-02-01 02:45:00+01:00,2026-02-01,2.0,0.63946,SEK,SEK/kWh
SE3,2026-02-01 02:45:00+01:00,2026-02-01 03:00:00+01:00,2026-02-01,2.0,0.63121,SEK,SEK/kWh
SE3,2026-02-01 03:00:00+01:00,2026-02-01 03:15:00+01:00,2026-02-01,3.0,0.63078,SEK,SEK/kWh
SE3,2026-02-01 03:15:00+01:00,2026-02-01 03:30:00+01:00,2026-02-01,3.0,0.63068,SEK,SEK/kWh
SE3,2026-02-01 03:30:00+01:00,2026-02-01 03:45:00+01:00,2026-02-01,3.0,0.63142,SEK,SEK/kWh
SE3,2026-02-01 03:45:00+01:00,2026-02-01 04:00:00+01:00,2026-02-01,3.0,0.64687,SEK,SEK/kWh
SE3,2026-02-01 04:00:00+01:00,2026-02-01 04:15:00+01:00,2026-02-01,4.0,0.65459,SEK,SEK/kWh
SE3,2026-02-01 04:15:00+01:00,2026-02-01 04:30:00+01:00,2026-02-01,4.0,0.65723,SEK,SEK/kWh
SE3,2026-02-01 04:30:00+01:00,2026-02-01 04:45:00+01:00,2026-02-01,4.0,0.67935,SEK,SEK/kWh
SE3,2026-02-01 04:45:00+01:00,2026-02-01 05:00:00+01:00,2026-02-01,4.0,0.69564,SEK,SEK/kWh
SE3,2026-02-01 05:00:00+01:00,2026-02-01 05:15:00+01:00,2026-02-01,5.0,0.6858,SEK,SEK/kWh
SE3,2026-02-01 05:15:00+01:00,2026-02-01 05:30:00+01:00,2026-02-01,5.0,0.7022,SEK,SEK/kWh
SE3,2026-02-01 05:30:00+01:00,2026-02-01 05:45:00+01:00,2026-02-01,5.0,0.74632,SEK,SEK/kWh
SE3,2026-02-01 05:45:00+01:00,2026-02-01 06:00:00+01:00,2026-02-01,5.0,0.77362,SEK,SEK/kWh
SE3,2026-02-01 06:00:00+01:00,2026-02-01 06:15:00+01:00,2026-02-01,6.0,0.69109,SEK,SEK/kWh
SE3,2026-02-01 06:15:00+01:00,2026-02-01 06:30:00+01:00,2026-02-01,6.0,0.74092,SEK,SEK/kWh
SE3,2026-02-01 06:30:00+01:00,2026-02-01 06:45:00+01:00,2026-02-01,6.0,0.77954,SEK,SEK/kWh
SE3,2026-02-01 06:45:00+01:00,2026-02-01 07:00:00+01:00,2026-02-01,6.0,0.79351,SEK,SEK/kWh
SE3,2026-02-01 07:00:00+01:00,2026-02-01 07:15:00+01:00,2026-02-01,7.0,0.73669,SEK,SEK/kWh
SE3,2026-02-01 07:15:00+01:00,2026-02-01 07:30:00+01:00,2026-02-01,7.0,0.75362,SEK,SEK/kWh
SE3,2026-02-01 07:30:00+01:00,2026-02-01 07:45:00+01:00,2026-02-01,7.0,0.86524,SEK,SEK/kWh
SE3,2026-02-01 07:45:00+01:00,2026-02-01 08:00:00+01:00,2026-02-01,7.0,0.92999,SEK,SEK/kWh
SE3,2026-02-01 08:00:00+01:00,2026-02-01 08:15:00+01:00,2026-02-01,8.0,0.88354,SEK,SEK/kWh
SE3,2026-02-01 08:15:00+01:00,2026-02-01 08:30:00+01:00,2026-02-01,8.0,0.91264,SEK,SEK/kWh
SE3,2026-02-01 08:30:00+01:00,2026-02-01 08:45:00+01:00,2026-02-01,8.0,0.93697,SEK,SEK/kWh
SE3,2026-02-01 08:45:00+01:00,2026-02-01 09:00:00+01:00,2026-02-01,8.0,0.98077,SEK,SEK/kWh
SE3,2026-02-01 09:00:00+01:00,2026-02-01 09:15:00+01:00,2026-02-01,9.0,0.85138,SEK,SEK/kWh
SE3,2026-02-01 09:15:00+01:00,2026-02-01 09:30:00+01:00,2026-02-01,9.0,0.8645,SEK,SEK/kWh
SE3,2026-02-01 09:30:00+01:00,2026-02-01 09:45:00+01:00,2026-02-01,9.0,0.90354,SEK,SEK/kWh
SE3,2026-02-01 09:45:00+01:00,2026-02-01 10:00:00+01:00,2026-02-01,9.0,1.01421,SEK,SEK/kWh
SE3,2026-02-01 10:00:00+01:00,2026-02-01 10:15:00+01:00,2026-02-01,10.0,0.92015,SEK,SEK/kWh
SE3,2026-02-01 10:15:00+01:00,2026-02-01 10:30:00+01:00,2026-02-01,10.0,1.03209,SEK,SEK/kWh
SE3,2026-02-01 10:30:00+01:00,2026-02-01 10:45:00+01:00,2026-02-01,10.0,1.05674,SEK,SEK/kWh
SE3,2026-02-01 10:45:00+01:00,2026-02-01 11:00:00+01:00,2026-02-01,10.0,1.08636,SEK,SEK/kWh
SE3,2026-02-01 11:00:00+01:00,2026-02-01 11:15:00+01:00,2026-02-01,11.0,0.78599,SEK,SEK/kWh
SE3,2026-02-01 11:15:00+01:00,2026-02-01 11:30:00+01:00,2026-02-01,11.0,0.96628,SEK,SEK/kWh
SE3,2026-02-01 11:30:00+01:00,2026-02-01 11:45:00+01:00,2026-02-01,11.0,1.0324,SEK,SEK/kWh
SE3,2026-02-01 11:45:00+01:00,2026-02-01 12:00:00+01:00,2026-02-01,11.0,1.06901,SEK,SEK/kWh
SE3,2026-02-01 12:00:00+01:00,2026-02-01 12:15:00+01:00,2026-02-01,12.0,0.92893,SEK,SEK/kWh
SE3,2026-02-01 12:15:00+01:00,2026-02-01 12:30:00+01:00,2026-02-01,12.0,0.98437,SEK,SEK/kWh
SE3,2026-02-01 12:30:00+01:00,2026-02-01 12:45:00+01:00,2026-02-01,12.0,1.02309,SEK,SEK/kWh
SE3,2026-02-01 12:45:00+01:00,2026-02-01 13:00:00+01:00,2026-02-01,12.0,1.00246,SEK,SEK/kWh
SE3,2026-02-01 13:00:00+01:00,2026-02-01 13:15:00+01:00,2026-02-01,13.0,1.03875,SEK,SEK/kWh
SE3,2026-02-01 13:15:00+01:00,2026-02-01 13:30:00+01:00,2026-02-01,13.0,1.01442,SEK,SEK/kWh
SE3,2026-02-01 13:30:00+01:00,2026-02-01 13:45:00+01:00,2026-02-01,13.0,1.01008,SEK,SEK/kWh
SE3,2026-02-01 13:45:00+01:00,2026-02-01 14:00:00+01:00,2026-02-01,13.0,1.01209,SEK,SEK/kWh
SE3,2026-02-01 14:00:00+01:00,2026-02-01 14:15:00+01:00,2026-02-01,14.0,1.03674,SEK,SEK/kWh
SE3,2026-02-01 14:15:00+01:00,2026-02-01 14:30:00+01:00,2026-02-01,14.0,1.0414,SEK,SEK/kWh
SE3,2026-02-01 14:30:00+01:00,2026-02-01 14:45:00+01:00,2026-02-01,14.0,1.05346,SEK,SEK/kWh
SE3,2026-02-01 14:45:00+01:00,2026-02-01 15:00:00+01:00,2026-02-01,14.0,1.06732,SEK,SEK/kWh
SE3,2026-02-01 15:00:00+01:00,2026-02-01 15:15:00+01:00,2026-02-01,15.0,1.05706,SEK,SEK/kWh
SE3,2026-02-01 15:15:00+01:00,2026-02-01 15:30:00+01:00,2026-02-01,15.0,1.10848,SEK,SEK/kWh
SE3,2026-02-01 15:30:00+01:00,2026-02-01 15:45:00+01:00,2026-02-01,15.0,1.14096,SEK,SEK/kWh
SE3,2026-02-01 15:45:00+01:00,2026-02-01 16:00:00+01:00,2026-02-01,15.0,1.16286,SEK,SEK/kWh
SE3,2026-02-01 16:00:00+01:00,2026-02-01 16:15:00+01:00,2026-02-01,16.0,1.1108,SEK,SEK/kWh
SE3,2026-02-01 16:15:00+01:00,2026-02-01 16:30:00+01:00,2026-02-01,16.0,1.15259,SEK,SEK/kWh
SE3,2026-02-01 16:30:00+01:00,2026-02-01 16:45:00+01:00,2026-02-01,16.0,1.19661,SEK,SEK/kWh
SE3,2026-02-01 16:45:00+01:00,2026-02-01 17:00:00+01:00,2026-02-01,16.0,1.27691,SEK,SEK/kWh
SE3,2026-02-01 17:00:00+01:00,2026-02-01 17:15:00+01:00,2026-02-01,17.0,1.26823,SEK,SEK/kWh
SE3,2026-02-01 17:15:00+01:00,2026-02-01 17:30:00+01:00,2026-02-01,17.0,1.24009,SEK,SEK/kWh
SE3,2026-02-01 17:30:00+01:00,2026-02-01 17:45:00+01:00,2026-02-01,17.0,1.19544,SEK,SEK/kWh
SE3,2026-02-01 17:45:00+01:00,2026-02-01 18:00:00+01:00,2026-02-01,17.0,1.16973,SEK,SEK/kWh
SE3,2026-02-01 18:00:00+01:00,2026-02-01 18:15:00+01:00,2026-02-01,18.0,1.22983,SEK,SEK/kWh
SE3,2026-02-01 18:15:00+01:00,2026-02-01 18:30:00+01:00,2026-02-01,18.0,1.22697,SEK,SEK/kWh
SE3,2026-02-01 18:30:00+01:00,2026-02-01 18:45:00+01:00,2026-02-01,18.0,1.2347,SEK,SEK/kWh
SE3,2026-02-01 18:45:00+01:00,2026-02-01 19:00:00+01:00,2026-02-01,18.0,1.19544,SEK,SEK/kWh
SE3,2026-02-01 19:00:00+01:00,2026-02-01 19:15:00+01:00,2026-02-01,19.0,1.23755,SEK,SEK/kWh
SE3,2026-02-01 19:15:00+01:00,2026-02-01 19:30:00+01:00,2026-02-01,19.0,1.19227,SEK,SEK/kWh
SE3,2026-02-01 19:30:00+01:00,2026-02-01 19:45:00+01:00,2026-02-01,19.0,1.13154,SEK,SEK/kWh
SE3,2026-02-01 19:45:00+01:00,2026-02-01 20:00:00+01:00,2026-02-01,19.0,1.06901,SEK,SEK/kWh
SE3,2026-02-01 20:00:00+01:00,2026-02-01 20:15:00+01:00,2026-02-01,20.0,1.15619,SEK,SEK/kWh
SE3,2026-02-01 20:15:00+01:00,2026-02-01 20:30:00+01:00,2026-02-01,20.0,1.11842,SEK,SEK/kWh
SE3,2026-02-01 20:30:00+01:00,2026-02-01 20:45:00+01:00,2026-02-01,20.0,1.07176,SEK,SEK/kWh
SE3,2026-02-01 20:45:00+01:00,2026-02-01 21:00:00+01:00,2026-02-01,20.0,1.02828,SEK,SEK/kWh
SE3,2026-02-01 21:00:00+01:00,2026-02-01 21:15:00+01:00,2026-02-01,21.0,1.16201,SEK,SEK/kWh
SE3,2026-02-01 21:15:00+01:00,2026-02-01 21:30:00+01:00,2026-02-01,21.0,1.17227,SEK,SEK/kWh
SE3,2026-02-01 21:30:00+01:00,2026-02-01 21:45:00+01:00,2026-02-01,21.0,1.11546,SEK,SEK/kWh
SE3,2026-02-01 21:45:00+01:00,2026-02-01 22:00:00+01:00,2026-02-01,21.0,1.04013,SEK,SEK/kWh
SE3,2026-02-01 22:00:00+01:00,2026-02-01 22:15:00+01:00,2026-02-01,22.0,1.14656,SEK,SEK/kWh
SE3,2026-02-01 22:15:00+01:00,2026-02-01 22:30:00+01:00,2026-02-01,22.0,1.0816,SEK,SEK/kWh
SE3,2026-02-01 22:30:00+01:00,2026-02-01 22:45:00+01:00,2026-02-01,22.0,1.04542,SEK,SEK/kWh
SE3,2026-02-01 22:45:00+01:00,2026-02-01 23:00:00+01:00,2026-02-01,22.0,0.98755,SEK,SEK/kWh
SE3,2026-02-01 23:00:00+01:00,2026-02-01 23:15:00+01:00,2026-02-01,23.0,1.06742,SEK,SEK/kWh
SE3,2026-02-01 23:15:00+01:00,2026-02-01 23:30:00+01:00,2026-02-01,23.0,1.00151,SEK,SEK/kWh
SE3,2026-02-01 23:30:00+01:00,2026-02-01 23:45:00+01:00,2026-02-01,23.0,0.96543,SEK,SEK/kWh
SE3,2026-02-01 23:45:00+01:00,2026-02-02 00:00:00+01:00,2026-02-01,23.0,0.92269,SEK,SEK/kWh
SE3,2026-02-02 00:00:00+01:00,2026-02-02 00:15:00+01:00,2026-02-02,0.0,0.90417,SEK,SEK/kWh
SE3,2026-02-02 00:15:00+01:00,2026-02-02 00:30:00+01:00,2026-02-02,0.0,0.93581,SEK,SEK/kWh
SE3,2026-02-02 00:30:00+01:00,2026-02-02 00:45:00+01:00,2026-02-02,0.0,0.93073,SEK,SEK/kWh
SE3,2026-02-02 00:45:00+01:00,2026-02-02 01:00:00+01:00,2026-02-02,0.0,0.88418,SEK,SEK/kWh
SE3,2026-02-02 01:00:00+01:00,2026-02-02 01:15:00+01:00,2026-02-02,1.0,0.82451,SEK,SEK/kWh
SE3,2026-02-02 01:15:00+01:00,2026-02-02 01:30:00+01:00,2026-02-02,1.0,0.81012,SEK,SEK/kWh
SE3,2026-02-02 01:30:00+01:00,2026-02-02 01:45:00+01:00,2026-02-02,1.0,0.92354,SEK,SEK/kWh
SE3,2026-02-02 01:45:00+01:00,2026-02-02 02:00:00+01:00,2026-02-02,1.0,0.91348,SEK,SEK/kWh
SE3,2026-02-02 02:00:00+01:00,2026-02-02 02:15:00+01:00,2026-02-02,2.0,0.74114,SEK,SEK/kWh
SE3,2026-02-02 02:15:00+01:00,2026-02-02 02:30:00+01:00,2026-02-02,2.0,0.86471,SEK,SEK/kWh
SE3,2026-02-02 02:30:00+01:00,2026-02-02 02:45:00+01:00,2026-02-02,2.0,0.87719,SEK,SEK/kWh
SE3,2026-02-02 02:45:00+01:00,2026-02-02 03:00:00+01:00,2026-02-02,2.0,0.87487,SEK,SEK/kWh
SE3,2026-02-02 03:00:00+01:00,2026-02-02 03:15:00+01:00,2026-02-02,3.0,0.8462,SEK,SEK/kWh
SE3,2026-02-02 03:15:00+01:00,2026-02-02 03:30:00+01:00,2026-02-02,3.0,0.86619,SEK,SEK/kWh
SE3,2026-02-02 03:30:00+01:00,2026-02-02 03:45:00+01:00,2026-02-02,3.0,0.87466,SEK,SEK/kWh
SE3,2026-02-02 03:45:00+01:00,2026-02-02 04:00:00+01:00,2026-02-02,3.0,0.87265,SEK,SEK/kWh
SE3,2026-02-02 04:00:00+01:00,2026-02-02 04:15:00+01:00,2026-02-02,4.0,0.9174,SEK,SEK/kWh
SE3,2026-02-02 04:15:00+01:00,2026-02-02 04:30:00+01:00,2026-02-02,4.0,0.92607,SEK,SEK/kWh
SE3,2026-02-02 04:30:00+01:00,2026-02-02 04:45:00+01:00,2026-02-02,4.0,0.93327,SEK,SEK/kWh
SE3,2026-02-02 04:45:00+01:00,2026-02-02 05:00:00+01:00,2026-02-02,4.0,0.93687,SEK,SEK/kWh
SE3,2026-02-02 05:00:00+01:00,2026-02-02 05:15:00+01:00,2026-02-02,5.0,0.95887,SEK,SEK/kWh
SE3,2026-02-02 05:15:00+01:00,2026-02-02 05:30:00+01:00,2026-02-02,5.0,0.9192,SEK,SEK/kWh
SE3,2026-02-02 05:30:00+01:00,2026-02-02 05:45:00+01:00,2026-02-02,5.0,0.97591,SEK,SEK/kWh
SE3,2026-02-02 05:45:00+01:00,2026-02-02 06:00:00+01:00,2026-02-02,5.0,0.99728,SEK,SEK/kWh
SE3,2026-02-02 06:00:00+01:00,2026-02-02 06:15:00+01:00,2026-02-02,6.0,0.9503,SEK,SEK/kWh
SE3,2026-02-02 06:15:00+01:00,2026-02-02 06:30:00+01:00,2026-02-02,6.0,1.08425,SEK,SEK/kWh
SE3,2026-02-02 06:30:00+01:00,2026-02-02 06:45:00+01:00,2026-02-02,6.0,1.19544,SEK,SEK/kWh
SE3,2026-02-02 06:45:00+01:00,2026-02-02 07:00:00+01:00,2026-02-02,6.0,1.28273,SEK,SEK/kWh
SE3,2026-02-02 07:00:00+01:00,2026-02-02 07:15:00+01:00,2026-02-02,7.0,1.19555,SEK,SEK/kWh
SE3,2026-02-02 07:15:00+01:00,2026-02-02 07:30:00+01:00,2026-02-02,7.0,1.25501,SEK,SEK/kWh
SE3,2026-02-02 07:30:00+01:00,2026-02-02 07:45:00+01:00,2026-02-02,7.0,1.41572,SEK,SEK/kWh
SE3,2026-02-02 07:45:00+01:00,2026-02-02 08:00:00+01:00,2026-02-02,7.0,1.42038,SEK,SEK/kWh
SE3,2026-02-02 08:00:00+01:00,2026-02-02 08:15:00+01:00,2026-02-02,8.0,1.48121,SEK,SEK/kWh
SE3,2026-02-02 08:15:00+01:00,2026-02-02 08:30:00+01:00,2026-02-02,8.0,1.57315,SEK,SEK/kWh
SE3,2026-02-02 08:30:00+01:00,2026-02-02 08:45:00+01:00,2026-02-02,8.0,1.57358,SEK,SEK/kWh
SE3,2026-02-02 08:45:00+01:00,2026-02-02 09:00:00+01:00,2026-02-02,8.0,1.54459,SEK,SEK/kWh
SE3,2026-02-02 09:00:00+01:00,2026-02-02 09:15:00+01:00,2026-02-02,9.0,1.67663,SEK,SEK/kWh
SE3,2026-02-02 09:15:00+01:00,2026-02-02 09:30:00+01:00,2026-02-02,9.0,1.54639,SEK,SEK/kWh
SE3,2026-02-02 09:30:00+01:00,2026-02-02 09:45:00+01:00,2026-02-02,9.0,1.47243,SEK,SEK/kWh
SE3,2026-02-02 09:45:00+01:00,2026-02-02 10:00:00+01:00,2026-02-02,9.0,1.38673,SEK,SEK/kWh
SE3,2026-02-02 10:00:00+01:00,2026-02-02 10:15:00+01:00,2026-02-02,10.0,1.40006,SEK,SEK/kWh
SE3,2026-02-02 10:15:00+01:00,2026-02-02 10:30:00+01:00,2026-02-02,10.0,1.36599,SEK,SEK/kWh
SE3,2026-02-02 10:30:00+01:00,2026-02-02 10:45:00+01:00,2026-02-02,10.0,1.29225,SEK,SEK/kWh
SE3,2026-02-02 10:45:00+01:00,2026-02-02 11:00:00+01:00,2026-02-02,10.0,1.19724,SEK,SEK/kWh
SE3,2026-02-02 11:00:00+01:00,2026-02-02 11:15:00+01:00,2026-02-02,11.0,1.30505,SEK,SEK/kWh
SE3,2026-02-02 11:15:00+01:00,2026-02-02 11:30:00+01:00,2026-02-02,11.0,1.233,SEK,SEK/kWh
SE3,2026-02-02 11:30:00+01:00,2026-02-02 11:45:00+01:00,2026-02-02,11.0,1.17778,SEK,SEK/kWh
SE3,2026-02-02 11:45:00+01:00,2026-02-02 12:00:00+01:00,2026-02-02,11.0,1.15228,SEK,SEK/kWh
SE3,2026-02-02 12:00:00+01:00,2026-02-02 12:15:00+01:00,2026-02-02,12.0,1.18772,SEK,SEK/kWh
SE3,2026-02-02 12:15:00+01:00,2026-02-02 12:30:00+01:00,2026-02-02,12.0,1.15587,SEK,SEK/kWh
SE3,2026-02-02 12:30:00+01:00,2026-02-02 12:45:00+01:00,2026-02-02,12.0,1.17386,SEK,SEK/kWh
SE3,2026-02-02 12:45:00+01:00,2026-02-02 13:00:00+01:00,2026-02-02,12.0,1.15662,SEK,SEK/kWh
SE3,2026-02-02 13:00:00+01:00,2026-02-02 13:15:00+01:00,2026-02-02,13.0,1.13493,SEK,SEK/kWh
SE3,2026-02-02 13:15:00+01:00,2026-02-02 13:30:00+01:00,2026-02-02,13.0,1.12424,SEK,SEK/kWh
SE3,2026-02-02 13:30:00+01:00,2026-02-02 13:45:00+01:00,2026-02-02,13.0,1.11662,SEK,SEK/kWh
SE3,2026-02-02 13:45:00+01:00,2026-02-02 14:00:00+01:00,2026-02-02,13.0,1.11472,SEK,SEK/kWh
SE3,2026-02-02 14:00:00+01:00,2026-02-02 14:15:00+01:00,2026-02-02,14.0,1.09525,SEK,SEK/kWh
SE3,2026-02-02 14:15:00+01:00,2026-02-02 14:30:00+01:00,2026-02-02,14.0,1.10118,SEK,SEK/kWh
SE3,2026-02-02 14:30:00+01:00,2026-02-02 14:45:00+01:00,2026-02-02,14.0,1.11768,SEK,SEK/kWh
SE3,2026-02-02 14:45:00+01:00,2026-02-02 15:00:00+01:00,2026-02-02,14.0,1.13154,SEK,SEK/kWh
SE3,2026-02-02 15:00:00+01:00,2026-02-02 15:15:00+01:00,2026-02-02,15.0,1.09504,SEK,SEK/kWh
SE3,2026-02-02 15:15:00+01:00,2026-02-02 15:30:00+01:00,2026-02-02,15.0,1.11832,SEK,SEK/kWh
SE3,2026-02-02 15:30:00+01:00,2026-02-02 15:45:00+01:00,2026-02-02,15.0,1.13249,SEK,SEK/kWh
SE3,2026-02-02 15:45:00+01:00,2026-02-02 16:00:00+01:00,2026-02-02,15.0,1.16645,SEK,SEK/kWh
SE3,2026-02-02 16:00:00+01:00,2026-02-02 16:15:00+01:00,2026-02-02,16.0,1.12318,SEK,SEK/kWh
SE3,2026-02-02 16:15:00+01:00,2026-02-02 16:30:00+01:00,2026-02-02,16.0,1.15968,SEK,SEK/kWh
SE3,2026-02-02 16:30:00+01:00,2026-02-02 16:45:00+01:00,2026-02-02,16.0,1.21512,SEK,SEK/kWh
SE3,2026-02-02 16:45:00+01:00,2026-02-02 17:00:00+01:00,2026-02-02,16.0,1.25152,SEK,SEK/kWh
SE3,2026-02-02 17:00:00+01:00,2026-02-02 17:15:00+01:00,2026-02-02,17.0,1.20528,SEK,SEK/kWh
SE3,2026-02-02 17:15:00+01:00,2026-02-02 17:30:00+01:00,2026-02-02,17.0,1.27596,SEK,SEK/kWh
SE3,2026-02-02 17:30:00+01:00,2026-02-02 17:45:00+01:00,2026-02-02,17.0,1.36451,SEK,SEK/kWh
SE3,2026-02-02 17:45:00+01:00,2026-02-02 18:00:00+01:00,2026-02-02,17.0,1.31817,SEK,SEK/kWh
SE3,2026-02-02 18:00:00+01:00,2026-02-02 18:15:00+01:00,2026-02-02,18.0,1.33986,SEK,SEK/kWh
SE3,2026-02-02 18:15:00+01:00,2026-02-02 18:30:00+01:00,2026-02-02,18.0,1.27712,SEK,SEK/kWh
SE3,2026-02-02 18:30:00+01:00,2026-02-02 18:45:00+01:00,2026-02-02,18.0,1.28971,SEK,SEK/kWh
SE3,2026-02-02 18:45:00+01:00,2026-02-02 19:00:00+01:00,2026-02-02,18.0,1.25818,SEK,SEK/kWh
SE3,2026-02-02 19:00:00+01:00,2026-02-02 19:15:00+01:00,2026-02-02,19.0,1.14381,SEK,SEK/kWh
SE3,2026-02-02 19:15:00+01:00,2026-02-02 19:30:00+01:00,2026-02-02,19.0,1.13778,SEK,SEK/kWh
SE3,2026-02-02 19:30:00+01:00,2026-02-02 19:45:00+01:00,2026-02-02,19.0,1.13778,SEK,SEK/kWh
SE3,2026-02-02 19:45:00+01:00,2026-02-02 20:00:00+01:00,2026-02-02,19.0,1.10477,SEK,SEK/kWh
SE3,2026-02-02 20:00:00+01:00,2026-02-02 20:15:00+01:00,2026-02-02,20.0,1.14879,SEK,SEK/kWh
SE3,2026-02-02 20:15:00+01:00,2026-02-02 20:30:00+01:00,2026-02-02,20.0,1.11884,SEK,SEK/kWh
SE3,2026-02-02 20:30:00+01:00,2026-02-02 20:45:00+01:00,2026-02-02,20.0,1.09049,SEK,SEK/kWh
SE3,2026-02-02 20:45:00+01:00,2026-02-02 21:00:00+01:00,2026-02-02,20.0,1.07779,SEK,SEK/kWh
SE3,2026-02-02 21:00:00+01:00,2026-02-02 21:15:00+01:00,2026-02-02,21.0,1.11842,SEK,SEK/kWh
SE3,2026-02-02 21:15:00+01:00,2026-02-02 21:30:00+01:00,2026-02-02,21.0,1.09239,SEK,SEK/kWh
SE3,2026-02-02 21:30:00+01:00,2026-02-02 21:45:00+01:00,2026-02-02,21.0,1.07102,SEK,SEK/kWh
SE3,2026-02-02 21:45:00+01:00,2026-02-02 22:00:00+01:00,2026-02-02,21.0,1.04436,SEK,SEK/kWh
SE3,2026-02-02 22:00:00+01:00,2026-02-02 22:15:00+01:00,2026-02-02,22.0,1.08901,SEK,SEK/kWh
SE3,2026-02-02 22:15:00+01:00,2026-02-02 22:30:00+01:00,2026-02-02,22.0,1.06552,SEK,SEK/kWh
SE3,2026-02-02 22:30:00+01:00,2026-02-02 22:45:00+01:00,2026-02-02,22.0,1.05938,SEK,SEK/kWh
SE3,2026-02-02 22:45:00+01:00,2026-02-02 23:00:00+01:00,2026-02-02,22.0,1.04076,SEK,SEK/kWh
SE3,2026-02-02 23:00:00+01:00,2026-02-02 23:15:00+01:00,2026-02-02,23.0,1.05663,SEK,SEK/kWh
SE3,2026-02-02 23:15:00+01:00,2026-02-02 23:30:00+01:00,2026-02-02,23.0,0.99019,SEK,SEK/kWh
SE3,2026-02-02 23:30:00+01:00,2026-02-02 23:45:00+01:00,2026-02-02,23.0,0.97517,SEK,SEK/kWh
SE3,2026-02-02 23:45:00+01:00,2026-02-03 00:00:00+01:00,2026-02-02,23.0,0.92142,SEK,SEK/kWh
SE3,2026-02-03 00:00:00+01:00,2026-02-03 00:15:00+01:00,2026-02-03,0.0,1.05927,SEK,SEK/kWh
SE3,2026-02-03 00:15:00+01:00,2026-02-03 00:30:00+01:00,2026-02-03,0.0,1.04721,SEK,SEK/kWh
SE3,2026-02-03 00:30:00+01:00,2026-02-03 00:45:00+01:00,2026-02-03,0.0,1.03197,SEK,SEK/kWh
SE3,2026-02-03 00:45:00+01:00,2026-02-03 01:00:00+01:00,2026-02-03,0.0,1.018,SEK,SEK/kWh
SE3,2026-02-03 01:00:00+01:00,2026-02-03 01:15:00+01:00,2026-02-03,1.0,1.02784,SEK,SEK/kWh
SE3,2026-02-03 01:15:00+01:00,2026-02-03 01:30:00+01:00,2026-02-03,1.0,1.01461,SEK,SEK/kWh
SE3,2026-02-03 01:30:00+01:00,2026-02-03 01:45:00+01:00,2026-02-03,1.0,1.01789,SEK,SEK/kWh
SE3,2026-02-03 01:45:00+01:00,2026-02-03 02:00:00+01:00,2026-02-03,1.0,1.0126,SEK,SEK/kWh
SE3,2026-02-03 02:00:00+01:00,2026-02-03 02:15:00+01:00,2026-02-03,2.0,1.01684,SEK,SEK/kWh
SE3,2026-02-03 02:15:00+01:00,2026-02-03 02:30:00+01:00,2026-02-03,2.0,1.00212,SEK,SEK/kWh
SE3,2026-02-03 02:30:00+01:00,2026-02-03 02:45:00+01:00,2026-02-03,2.0,0.98974,SEK,SEK/kWh
SE3,2026-02-03 02:45:00+01:00,2026-02-03 03:00:00+01:00,2026-02-03,2.0,0.97651,SEK,SEK/kWh
SE3,2026-02-03 03:00:00+01:00,2026-02-03 03:15:00+01:00,2026-02-03,3.0,0.99556,SEK,SEK/kWh
SE3,2026-02-03 03:15:00+01:00,2026-02-03 03:30:00+01:00,2026-02-03,3.0,0.98551,SEK,SEK/kWh
SE3,2026-02-03 03:30:00+01:00,2026-02-03 03:45:00+01:00,2026-02-03,3.0,0.98202,SEK,SEK/kWh
SE3,2026-02-03 03:45:00+01:00,2026-02-03 04:00:00+01:00,2026-02-03,3.0,0.97397,SEK,SEK/kWh
SE3,2026-02-03 04:00:00+01:00,2026-02-03 04:15:00+01:00,2026-02-03,4.0,0.97069,SEK,SEK/kWh
SE3,2026-02-03 04:15:00+01:00,2026-02-03 04:30:00+01:00,2026-02-03,4.0,0.96836,SEK,SEK/kWh
SE3,2026-02-03 04:30:00+01:00,2026-02-03 04:45:00+01:00,2026-02-03,4.0,0.98413,SEK,SEK/kWh
SE3,2026-02-03 04:45:00+01:00,2026-02-03 05:00:00+01:00,2026-02-03,4.0,0.98456,SEK,SEK/kWh
SE3,2026-02-03 05:00:00+01:00,2026-02-03 05:15:00+01:00,2026-02-03,5.0,0.97556,SEK,SEK/kWh
SE3,2026-02-03 05:15:00+01:00,2026-02-03 05:30:00+01:00,2026-02-03,5.0,0.99503,SEK,SEK/kWh
SE3,2026-02-03 05:30:00+01:00,2026-02-03 05:45:00+01:00,2026-02-03,5.0,1.04636,SEK,SEK/kWh
SE3,2026-02-03 05:45:00+01:00,2026-02-03 06:00:00+01:00,2026-02-03,5.0,1.11494,SEK,SEK/kWh
SE3,2026-02-03 06:00:00+01:00,2026-02-03 06:15:00+01:00,2026-02-03,6.0,1.0942,SEK,SEK/kWh
SE3,2026-02-03 06:15:00+01:00,2026-02-03 06:30:00+01:00,2026-02-03,6.0,1.16003,SEK,SEK/kWh
SE3,2026-02-03 06:30:00+01:00,2026-02-03 06:45:00+01:00,2026-02-03,6.0,1.21739,SEK,SEK/kWh
SE3,2026-02-03 06:45:00+01:00,2026-02-03 07:00:00+01:00,2026-02-03,6.0,1.27316,SEK,SEK/kWh
SE3,2026-02-03 07:00:00+01:00,2026-02-03 07:15:00+01:00,2026-02-03,7.0,1.29327,SEK,SEK/kWh
SE3,2026-02-03 07:15:00+01:00,2026-02-03 07:30:00+01:00,2026-02-03,7.0,1.36523,SEK,SEK/kWh
SE3,2026-02-03 07:30:00+01:00,2026-02-03 07:45:00+01:00,2026-02-03,7.0,1.41879,SEK,SEK/kWh
SE3,2026-02-03 07:45:00+01:00,2026-02-03 08:00:00+01:00,2026-02-03,7.0,1.46144,SEK,SEK/kWh
SE3,2026-02-03 08:00:00+01:00,2026-02-03 08:15:00+01:00,2026-02-03,8.0,2.11611,SEK,SEK/kWh
SE3,2026-02-03 08:15:00+01:00,2026-02-03 08:30:00+01:00,2026-02-03,8.0,2.11654,SEK,SEK/kWh
SE3,2026-02-03 08:30:00+01:00,2026-02-03 08:45:00+01:00,2026-02-03,8.0,2.04457,SEK,SEK/kWh
SE3,2026-02-03 08:45:00+01:00,2026-02-03 09:00:00+01:00,2026-02-03,8.0,1.99028,SEK,SEK/kWh
SE3,2026-02-03 09:00:00+01:00,2026-02-03 09:15:00+01:00,2026-02-03,9.0,1.72051,SEK,SEK/kWh
SE3,2026-02-03 09:15:00+01:00,2026-02-03 09:30:00+01:00,2026-02-03,9.0,1.58632,SEK,SEK/kWh
SE3,2026-02-03 09:30:00+01:00,2026-02-03 09:45:00+01:00,2026-02-03,9.0,1.50313,SEK,SEK/kWh
SE3,2026-02-03 09:45:00+01:00,2026-02-03 10:00:00+01:00,2026-02-03,9.0,1.44715,SEK,SEK/kWh
SE3,2026-02-03 10:00:00+01:00,2026-02-03 10:15:00+01:00,2026-02-03,10.0,1.36015,SEK,SEK/kWh
SE3,2026-02-03 10:15:00+01:00,2026-02-03 10:30:00+01:00,2026-02-03,10.0,1.31645,SEK,SEK/kWh
SE3,2026-02-03 10:30:00+01:00,2026-02-03 10:45:00+01:00,2026-02-03,10.0,1.28131,SEK,SEK/kWh
SE3,2026-02-03 10:45:00+01:00,2026-02-03 11:00:00+01:00,2026-02-03,10.0,1.21241,SEK,SEK/kWh
SE3,2026-02-03 11:00:00+01:00,2026-02-03 11:15:00+01:00,2026-02-03,11.0,1.28025,SEK,SEK/kWh
SE3,2026-02-03 11:15:00+01:00,2026-02-03 11:30:00+01:00,2026-02-03,11.0,1.21262,SEK,SEK/kWh
SE3,2026-02-03 11:30:00+01:00,2026-02-03 11:45:00+01:00,2026-02-03,11.0,1.1923,SEK,SEK/kWh
SE3,2026-02-03 11:45:00+01:00,2026-02-03 12:00:00+01:00,2026-02-03,11.0,1.13801,SEK,SEK/kWh
SE3,2026-02-03 12:00:00+01:00,2026-02-03 12:15:00+01:00,2026-02-03,12.0,1.20765,SEK,SEK/kWh
SE3,2026-02-03 12:15:00+01:00,2026-02-03 12:30:00+01:00,2026-02-03,12.0,1.1958,SEK,SEK/kWh
SE3,2026-02-03 12:30:00+01:00,2026-02-03 12:45:00+01:00,2026-02-03,12.0,1.17558,SEK,SEK/kWh
SE3,2026-02-03 12:45:00+01:00,2026-02-03 13:00:00+01:00,2026-02-03,12.0,1.15971,SEK,SEK/kWh
SE3,2026-02-03 13:00:00+01:00,2026-02-03 13:15:00+01:00,2026-02-03,13.0,1.16257,SEK,SEK/kWh
SE3,2026-02-03 13:15:00+01:00,2026-02-03 13:30:00+01:00,2026-02-03,13.0,1.1867,SEK,SEK/kWh
SE3,2026-02-03 13:30:00+01:00,2026-02-03 13:45:00+01:00,2026-02-03,13.0,1.1958,SEK,SEK/kWh
SE3,2026-02-03 13:45:00+01:00,2026-02-03 14:00:00+01:00,2026-02-03,13.0,1.1959,SEK,SEK/kWh
SE3,2026-02-03 14:00:00+01:00,2026-02-03 14:15:00+01:00,2026-02-03,14.0,1.15579,SEK,SEK/kWh
SE3,2026-02-03 14:15:00+01:00,2026-02-03 14:30:00+01:00,2026-02-03,14.0,1.18172,SEK,SEK/kWh
SE3,2026-02-03 14:30:00+01:00,2026-02-03 14:45:00+01:00,2026-02-03,14.0,1.19125,SEK,SEK/kWh
SE3,2026-02-03 14:45:00+01:00,2026-02-03 15:00:00+01:00,2026-02-03,14.0,1.2176,SEK,SEK/kWh
SE3,2026-02-03 15:00:00+01:00,2026-02-03 15:15:00+01:00,2026-02-03,15.0,1.15833,SEK,SEK/kWh
SE3,2026-02-03 15:15:00+01:00,2026-02-03 15:30:00+01:00,2026-02-03,15.0,1.17781,SEK,SEK/kWh
SE3,2026-02-03 15:30:00+01:00,2026-02-03 15:45:00+01:00,2026-02-03,15.0,1.20627,SEK,SEK/kWh
SE3,2026-02-03 15:45:00+01:00,2026-02-03 16:00:00+01:00,2026-02-03,15.0,1.22649,SEK,SEK/kWh
SE3,2026-02-03 16:00:00+01:00,2026-02-03 16:15:00+01:00,2026-02-03,16.0,1.22458,SEK,SEK/kWh
SE3,2026-02-03 16:15:00+01:00,2026-02-03 16:30:00+01:00,2026-02-03,16.0,1.2322,SEK,SEK/kWh
SE3,2026-02-03 16:30:00+01:00,2026-02-03 16:45:00+01:00,2026-02-03,16.0,1.26829,SEK,SEK/kWh
SE3,2026-02-03 16:45:00+01:00,2026-02-03 17:00:00+01:00,2026-02-03,16.0,1.27358,SEK,SEK/kWh
SE3,2026-02-03 17:00:00+01:00,2026-02-03 17:15:00+01:00,2026-02-03,17.0,1.46736,SEK,SEK/kWh
SE3,2026-02-03 17:15:00+01:00,2026-02-03 17:30:00+01:00,2026-02-03,17.0,1.46757,SEK,SEK/kWh
SE3,2026-02-03 17:30:00+01:00,2026-02-03 17:45:00+01:00,2026-02-03,17.0,1.51245,SEK,SEK/kWh
SE3,2026-02-03 17:45:00+01:00,2026-02-03 18:00:00+01:00,2026-02-03,17.0,1.51435,SEK,SEK/kWh
SE3,2026-02-03 18:00:00+01:00,2026-02-03 18:15:00+01:00,2026-02-03,18.0,1.46112,SEK,SEK/kWh
SE3,2026-02-03 18:15:00+01:00,2026-02-03 18:30:00+01:00,2026-02-03,18.0,1.43508,SEK,SEK/kWh
SE3,2026-02-03 18:30:00+01:00,2026-02-03 18:45:00+01:00,2026-02-03,18.0,1.42725,SEK,SEK/kWh
SE3,2026-02-03 18:45:00+01:00,2026-02-03 19:00:00+01:00,2026-02-03,18.0,1.42969,SEK,SEK/kWh
SE3,2026-02-03 19:00:00+01:00,2026-02-03 19:15:00+01:00,2026-02-03,19.0,1.39296,SEK,SEK/kWh
SE3,2026-02-03 19:15:00+01:00,2026-02-03 19:30:00+01:00,2026-02-03,19.0,1.38513,SEK,SEK/kWh
SE3,2026-02-03 19:30:00+01:00,2026-02-03 19:45:00+01:00,2026-02-03,19.0,1.37095,SEK,SEK/kWh
SE3,2026-02-03 19:45:00+01:00,2026-02-03 20:00:00+01:00,2026-02-03,19.0,1.30078,SEK,SEK/kWh
SE3,2026-02-03 20:00:00+01:00,2026-02-03 20:15:00+01:00,2026-02-03,20.0,1.22511,SEK,SEK/kWh
SE3,2026-02-03 20:15:00+01:00,2026-02-03 20:30:00+01:00,2026-02-03,20.0,1.20109,SEK,SEK/kWh
SE3,2026-02-03 20:30:00+01:00,2026-02-03 20:45:00+01:00,2026-02-03,20.0,1.17251,SEK,SEK/kWh
SE3,2026-02-03 20:45:00+01:00,2026-02-03 21:00:00+01:00,2026-02-03,20.0,1.14997,SEK,SEK/kWh
SE3,2026-02-03 21:00:00+01:00,2026-02-03 21:15:00+01:00,2026-02-03,21.0,1.1504,SEK,SEK/kWh
SE3,2026-02-03 21:15:00+01:00,2026-02-03 21:30:00+01:00,2026-02-03,21.0,1.13621,SEK,SEK/kWh
SE3,2026-02-03 21:30:00+01:00,2026-02-03 21:45:00+01:00,2026-02-03,21.0,1.10986,SEK,SEK/kWh
SE3,2026-02-03 21:45:00+01:00,2026-02-03 22:00:00+01:00,2026-02-03,21.0,1.06996,SEK,SEK/kWh
SE3,2026-02-03 22:00:00+01:00,2026-02-03 22:15:00+01:00,2026-02-03,22.0,1.11198,SEK,SEK/kWh
SE3,2026-02-03 22:15:00+01:00,2026-02-03 22:30:00+01:00,2026-02-03,22.0,1.07557,SEK,SEK/kWh
SE3,2026-02-03 22:30:00+01:00,2026-02-03 22:45:00+01:00,2026-02-03,22.0,1.07144,SEK,SEK/kWh
SE3,2026-02-03 22:45:00+01:00,2026-02-03 23:00:00+01:00,2026-02-03,22.0,1.03186,SEK,SEK/kWh
SE3,2026-02-03 23:00:00+01:00,2026-02-03 23:15:00+01:00,2026-02-03,23.0,1.05483,SEK,SEK/kWh
SE3,2026-02-03 23:15:00+01:00,2026-02-03 23:30:00+01:00,2026-02-03,23.0,1.04118,SEK,SEK/kWh
SE3,2026-02-03 23:30:00+01:00,2026-02-03 23:45:00+01:00,2026-02-03,23.0,1.01863,SEK,SEK/kWh
SE3,2026-02-03 23:45:00+01:00,2026-02-04 00:00:00+01:00,2026-02-03,23.0,0.94169,SEK,SEK/kWh
SE3,2026-02-04 00:00:00+01:00,2026-02-04 00:15:00+01:00,2026-02-04,0.0,1.02317,SEK,SEK/kWh
SE3,2026-02-04 00:15:00+01:00,2026-02-04 00:30:00+01:00,2026-02-04,0.0,0.98276,SEK,SEK/kWh
SE3,2026-02-04 00:30:00+01:00,2026-02-04 00:45:00+01:00,2026-02-04,0.0,0.99627,SEK,SEK/kWh
SE3,2026-02-04 00:45:00+01:00,2026-02-04 01:00:00+01:00,2026-02-04,0.0,0.99595,SEK,SEK/kWh
SE3,2026-02-04 01:00:00+01:00,2026-02-04 01:15:00+01:00,2026-02-04,1.0,0.99774,SEK,SEK/kWh
SE3,2026-02-04 01:15:00+01:00,2026-02-04 01:30:00+01:00,2026-02-04,1.0,0.97865,SEK,SEK/kWh
SE3,2026-02-04 01:30:00+01:00,2026-02-04 01:45:00+01:00,2026-02-04,1.0,0.97706,SEK,SEK/kWh
SE3,2026-02-04 01:45:00+01:00,2026-02-04 02:00:00+01:00,2026-02-04,1.0,0.96915,SEK,SEK/kWh
SE3,2026-02-04 02:00:00+01:00,2026-02-04 02:15:00+01:00,2026-02-04,2.0,0.97685,SEK,SEK/kWh
SE3,2026-02-04 02:15:00+01:00,2026-02-04 02:30:00+01:00,2026-02-04,2.0,0.96662,SEK,SEK/kWh
SE3,2026-02-04 02:30:00+01:00,2026-02-04 02:45:00+01:00,2026-02-04,2.0,0.97833,SEK,SEK/kWh
SE3,2026-02-04 02:45:00+01:00,2026-02-04 03:00:00+01:00,2026-02-04,2.0,0.99627,SEK,SEK/kWh
SE3,2026-02-04 03:00:00+01:00,2026-02-04 03:15:00+01:00,2026-02-04,3.0,0.99774,SEK,SEK/kWh
SE3,2026-02-04 03:15:00+01:00,2026-02-04 03:30:00+01:00,2026-02-04,3.0,0.9873,SEK,SEK/kWh
SE3,2026-02-04 03:30:00+01:00,2026-02-04 03:45:00+01:00,2026-02-04,3.0,1.00787,SEK,SEK/kWh
SE3,2026-02-04 03:45:00+01:00,2026-02-04 04:00:00+01:00,2026-02-04,3.0,1.00028,SEK,SEK/kWh
SE3,2026-02-04 04:00:00+01:00,2026-02-04 04:15:00+01:00,2026-02-04,4.0,0.9777,SEK,SEK/kWh
SE3,2026-02-04 04:15:00+01:00,2026-02-04 04:30:00+01:00,2026-02-04,4.0,0.9759,SEK,SEK/kWh
SE3,2026-02-04 04:30:00+01:00,2026-02-04 04:45:00+01:00,2026-02-04,4.0,0.99975,SEK,SEK/kWh
SE3,2026-02-04 04:45:00+01:00,2026-02-04 05:00:00+01:00,2026-02-04,4.0,1.01252,SEK,SEK/kWh
SE3,2026-02-04 05:00:00+01:00,2026-02-04 05:15:00+01:00,2026-02-04,5.0,0.98065,SEK,SEK/kWh
SE3,2026-02-04 05:15:00+01:00,2026-02-04 05:30:00+01:00,2026-02-04,5.0,1.00239,SEK,SEK/kWh
SE3,2026-02-04 05:30:00+01:00,2026-02-04 05:45:00+01:00,2026-02-04,5.0,1.02296,SEK,SEK/kWh
SE3,2026-02-04 05:45:00+01:00,2026-02-04 06:00:00+01:00,2026-02-04,5.0,1.06158,SEK,SEK/kWh
SE3,2026-02-04 06:00:00+01:00,2026-02-04 06:15:00+01:00,2026-02-04,6.0,1.04797,SEK,SEK/kWh
SE3,2026-02-04 06:15:00+01:00,2026-02-04 06:30:00+01:00,2026-02-04,6.0,1.08184,SEK,SEK/kWh
SE3,2026-02-04 06:30:00+01:00,2026-02-04 06:45:00+01:00,2026-02-04,6.0,1.13903,SEK,SEK/kWh
SE3,2026-02-04 06:45:00+01:00,2026-02-04 07:00:00+01:00,2026-02-04,6.0,1.1806,SEK,SEK/kWh
SE3,2026-02-04 07:00:00+01:00,2026-02-04 07:15:00+01:00,2026-02-04,7.0,1.23684,SEK,SEK/kWh
SE3,2026-02-04 07:15:00+01:00,2026-02-04 07:30:00+01:00,2026-02-04,7.0,1.30131,SEK,SEK/kWh
SE3,2026-02-04 07:30:00+01:00,2026-02-04 07:45:00+01:00,2026-02-04,7.0,1.35808,SEK,SEK/kWh
SE3,2026-02-04 07:45:00+01:00,2026-02-04 08:00:00+01:00,2026-02-04,7.0,1.40113,SEK,SEK/kWh
SE3,2026-02-04 08:00:00+01:00,2026-02-04 08:15:00+01:00,2026-02-04,8.0,1.42866,SEK,SEK/kWh
SE3,2026-02-04 08:15:00+01:00,2026-02-04 08:30:00+01:00,2026-02-04,8.0,1.46728,SEK,SEK/kWh
SE3,2026-02-04 08:30:00+01:00,2026-02-04 08:45:00+01:00,2026-02-04,8.0,1.39585,SEK,SEK/kWh
SE3,2026-02-04 08:45:00+01:00,2026-02-04 09:00:00+01:00,2026-02-04,8.0,1.31798,SEK,SEK/kWh
SE3,2026-02-04 09:00:00+01:00,2026-02-04 09:15:00+01:00,2026-02-04,9.0,1.40007,SEK,SEK/kWh
SE3,2026-02-04 09:15:00+01:00,2026-02-04 09:30:00+01:00,2026-02-04,9.0,1.27419,SEK,SEK/kWh
SE3,2026-02-04 09:30:00+01:00,2026-02-04 09:45:00+01:00,2026-02-04,9.0,1.23811,SEK,SEK/kWh
SE3,2026-02-04 09:45:00+01:00,2026-02-04 10:00:00+01:00,2026-02-04,9.0,1.19822,SEK,SEK/kWh
SE3,2026-02-04 10:00:00+01:00,2026-02-04 10:15:00+01:00,2026-02-04,10.0,1.2572,SEK,SEK/kWh
SE3,2026-02-04 10:15:00+01:00,2026-02-04 10:30:00+01:00,2026-02-04,10.0,1.20571,SEK,SEK/kWh
SE3,2026-02-04 10:30:00+01:00,2026-02-04 10:45:00+01:00,2026-02-04,10.0,1.13861,SEK,SEK/kWh
SE3,2026-02-04 10:45:00+01:00,2026-02-04 11:00:00+01:00,2026-02-04,10.0,1.12331,SEK,SEK/kWh
SE3,2026-02-04 11:00:00+01:00,2026-02-04 11:15:00+01:00,2026-02-04,11.0,1.16203,SEK,SEK/kWh
SE3,2026-02-04 11:15:00+01:00,2026-02-04 11:30:00+01:00,2026-02-04,11.0,1.16003,SEK,SEK/kWh
SE3,2026-02-04 11:30:00+01:00,2026-02-04 11:45:00+01:00,2026-02-04,11.0,1.15369,SEK,SEK/kWh
SE3,2026-02-04 11:45:00+01:00,2026-02-04 12:00:00+01:00,2026-02-04,11.0,1.13808,SEK,SEK/kWh
SE3,2026-02-04 12:00:00+01:00,2026-02-04 12:15:00+01:00,2026-02-04,12.0,1.07836,SEK,SEK/kWh
SE3,2026-02-04 12:15:00+01:00,2026-02-04 12:30:00+01:00,2026-02-04,12.0,1.06285,SEK,SEK/kWh
SE3,2026-02-04 12:30:00+01:00,2026-02-04 12:45:00+01:00,2026-02-04,12.0,1.05145,SEK,SEK/kWh
SE3,2026-02-04 12:45:00+01:00,2026-02-04 13:00:00+01:00,2026-02-04,12.0,1.05008,SEK,SEK/kWh
SE3,2026-02-04 13:00:00+01:00,2026-02-04 13:15:00+01:00,2026-02-04,13.0,1.05082,SEK,SEK/kWh
SE3,2026-02-04 13:15:00+01:00,2026-02-04 13:30:00+01:00,2026-02-04,13.0,1.04639,SEK,SEK/kWh
SE3,2026-02-04 13:30:00+01:00,2026-02-04 13:45:00+01:00,2026-02-04,13.0,1.04554,SEK,SEK/kWh
SE3,2026-02-04 13:45:00+01:00,2026-02-04 14:00:00+01:00,2026-02-04,13.0,1.06169,SEK,SEK/kWh
SE3,2026-02-04 14:00:00+01:00,2026-02-04 14:15:00+01:00,2026-02-04,14.0,1.05419,SEK,SEK/kWh
SE3,2026-02-04 14:15:00+01:00,2026-02-04 14:30:00+01:00,2026-02-04,14.0,1.05852,SEK,SEK/kWh
SE3,2026-02-04 14:30:00+01:00,2026-02-04 14:45:00+01:00,2026-02-04,14.0,1.06865,SEK,SEK/kWh
SE3,2026-02-04 14:45:00+01:00,2026-02-04 15:00:00+01:00,2026-02-04,14.0,1.08743,SEK,SEK/kWh
SE3,2026-02-04 15:00:00+01:00,2026-02-04 15:15:00+01:00,2026-02-04,15.0,1.05388,SEK,SEK/kWh
SE3,2026-02-04 15:15:00+01:00,2026-02-04 15:30:00+01:00,2026-02-04,15.0,1.08743,SEK,SEK/kWh
SE3,2026-02-04 15:30:00+01:00,2026-02-04 15:45:00+01:00,2026-02-04,15.0,1.11349,SEK,SEK/kWh
SE3,2026-02-04 15:45:00+01:00,2026-02-04 16:00:00+01:00,2026-02-04,15.0,1.13713,SEK,SEK/kWh
SE3,2026-02-04 16:00:00+01:00,2026-02-04 16:15:00+01:00,2026-02-04,16.0,1.11434,SEK,SEK/kWh
SE3,2026-02-04 16:15:00+01:00,2026-02-04 16:30:00+01:00,2026-02-04,16.0,1.15802,SEK,SEK/kWh
SE3,2026-02-04 16:30:00+01:00,2026-02-04 16:45:00+01:00,2026-02-04,16.0,1.2418,SEK,SEK/kWh
SE3,2026-02-04 16:45:00+01:00,2026-02-04 17:00:00+01:00,2026-02-04,16.0,1.32885,SEK,SEK/kWh
SE3,2026-02-04 17:00:00+01:00,2026-02-04 17:15:00+01:00,2026-02-04,17.0,1.29656,SEK,SEK/kWh
SE3,2026-02-04 17:15:00+01:00,2026-02-04 17:30:00+01:00,2026-02-04,17.0,1.34752,SEK,SEK/kWh
SE3,2026-02-04 17:30:00+01:00,2026-02-04 17:45:00+01:00,2026-02-04,17.0,1.40598,SEK,SEK/kWh
SE3,2026-02-04 17:45:00+01:00,2026-02-04 18:00:00+01:00,2026-02-04,17.0,1.40376,SEK,SEK/kWh
SE3,2026-02-04 18:00:00+01:00,2026-02-04 18:15:00+01:00,2026-02-04,18.0,1.36715,SEK,SEK/kWh
SE3,2026-02-04 18:15:00+01:00,2026-02-04 18:30:00+01:00,2026-02-04,18.0,1.31988,SEK,SEK/kWh
SE3,2026-02-04 18:30:00+01:00,2026-02-04 18:45:00+01:00,2026-02-04,18.0,1.26607,SEK,SEK/kWh
SE3,2026-02-04 18:45:00+01:00,2026-02-04 19:00:00+01:00,2026-02-04,18.0,1.23505,SEK,SEK/kWh
SE3,2026-02-04 19:00:00+01:00,2026-02-04 19:15:00+01:00,2026-02-04,19.0,1.25098,SEK,SEK/kWh
SE3,2026-02-04 19:15:00+01:00,2026-02-04 19:30:00+01:00,2026-02-04,19.0,1.10927,SEK,SEK/kWh
SE3,2026-02-04 19:30:00+01:00,2026-02-04 19:45:00+01:00,2026-02-04,19.0,1.05736,SEK,SEK/kWh
SE3,2026-02-04 19:45:00+01:00,2026-02-04 20:00:00+01:00,2026-02-04,19.0,1.03077,SEK,SEK/kWh
SE3,2026-02-04 20:00:00+01:00,2026-02-04 20:15:00+01:00,2026-02-04,20.0,1.06211,SEK,SEK/kWh
SE3,2026-02-04 20:15:00+01:00,2026-02-04 20:30:00+01:00,2026-02-04,20.0,1.01864,SEK,SEK/kWh
SE3,2026-02-04 20:30:00+01:00,2026-02-04 20:45:00+01:00,2026-02-04,20.0,0.99975,SEK,SEK/kWh
SE3,2026-02-04 20:45:00+01:00,2026-02-04 21:00:00+01:00,2026-02-04,20.0,0.97981,SEK,SEK/kWh
SE3,2026-02-04 21:00:00+01:00,2026-02-04 21:15:00+01:00,2026-02-04,21.0,1.04122,SEK,SEK/kWh
SE3,2026-02-04 21:15:00+01:00,2026-02-04 21:30:00+01:00,2026-02-04,21.0,0.99774,SEK,SEK/kWh
SE3,2026-02-04 21:30:00+01:00,2026-02-04 21:45:00+01:00,2026-02-04,21.0,0.972,SEK,SEK/kWh
SE3,2026-02-04 21:45:00+01:00,2026-02-04 22:00:00+01:00,2026-02-04,21.0,0.96926,SEK,SEK/kWh
SE3,2026-02-04 22:00:00+01:00,2026-02-04 22:15:00+01:00,2026-02-04,22.0,1.0236,SEK,SEK/kWh
SE3,2026-02-04 22:15:00+01:00,2026-02-04 22:30:00+01:00,2026-02-04,22.0,0.99342,SEK,SEK/kWh
SE3,2026-02-04 22:30:00+01:00,2026-02-04 22:45:00+01:00,2026-02-04,22.0,0.9797,SEK,SEK/kWh
SE3,2026-02-04 22:45:00+01:00,2026-02-04 23:00:00+01:00,2026-02-04,22.0,0.90257,SEK,SEK/kWh
SE3,2026-02-04 23:00:00+01:00,2026-02-04 23:15:00+01:00,2026-02-04,23.0,0.97379,SEK,SEK/kWh
SE3,2026-02-04 23:15:00+01:00,2026-02-04 23:30:00+01:00,2026-02-04,23.0,0.91871,SEK,SEK/kWh
SE3,2026-02-04 23:30:00+01:00,2026-02-04 23:45:00+01:00,2026-02-04,23.0,0.87841,SEK,SEK/kWh
SE3,2026-02-04 23:45:00+01:00,2026-02-05 00:00:00+01:00,2026-02-04,23.0,0.81605,SEK,SEK/kWh
SE3,2026-02-05 00:00:00+01:00,2026-02-05 00:15:00+01:00,2026-02-05,0.0,0.98845,SEK,SEK/kWh
SE3,2026-02-05 00:15:00+01:00,2026-02-05 00:30:00+01:00,2026-02-05,0.0,0.96265,SEK,SEK/kWh
SE3,2026-02-05 00:30:00+01:00,2026-02-05 00:45:00+01:00,2026-02-05,0.0,0.95134,SEK,SEK/kWh
SE3,2026-02-05 00:45:00+01:00,2026-02-05 01:00:00+01:00,2026-02-05,0.0,0.94912,SEK,SEK/kWh
SE3,2026-02-05 01:00:00+01:00,2026-02-05 01:15:00+01:00,2026-02-05,1.0,0.95716,SEK,SEK/kWh
SE3,2026-02-05 01:15:00+01:00,2026-02-05 01:30:00+01:00,2026-02-05,1.0,0.94859,SEK,SEK/kWh
SE3,2026-02-05 01:30:00+01:00,2026-02-05 01:45:00+01:00,2026-02-05,1.0,0.94669,SEK,SEK/kWh
SE3,2026-02-05 01:45:00+01:00,2026-02-05 02:00:00+01:00,2026-02-05,1.0,0.90768,SEK,SEK/kWh
SE3,2026-02-05 02:00:00+01:00,2026-02-05 02:15:00+01:00,2026-02-05,2.0,0.91931,SEK,SEK/kWh
SE3,2026-02-05 02:15:00+01:00,2026-02-05 02:30:00+01:00,2026-02-05,2.0,0.91529,SEK,SEK/kWh
SE3,2026-02-05 02:30:00+01:00,2026-02-05 02:45:00+01:00,2026-02-05,2.0,0.92882,SEK,SEK/kWh
SE3,2026-02-05 02:45:00+01:00,2026-02-05 03:00:00+01:00,2026-02-05,2.0,0.91645,SEK,SEK/kWh
SE3,2026-02-05 03:00:00+01:00,2026-02-05 03:15:00+01:00,2026-02-05,3.0,0.90916,SEK,SEK/kWh
SE3,2026-02-05 03:15:00+01:00,2026-02-05 03:30:00+01:00,2026-02-05,3.0,0.9266,SEK,SEK/kWh
SE3,2026-02-05 03:30:00+01:00,2026-02-05 03:45:00+01:00,2026-02-05,3.0,0.92671,SEK,SEK/kWh
SE3,2026-02-05 03:45:00+01:00,2026-02-05 04:00:00+01:00,2026-02-05,3.0,0.92692,SEK,SEK/kWh
SE3,2026-02-05 04:00:00+01:00,2026-02-05 04:15:00+01:00,2026-02-05,4.0,0.91708,SEK,SEK/kWh
SE3,2026-02-05 04:15:00+01:00,2026-02-05 04:30:00+01:00,2026-02-05,4.0,0.93368,SEK,SEK/kWh
SE3,2026-02-05 04:30:00+01:00,2026-02-05 04:45:00+01:00,2026-02-05,4.0,0.94637,SEK,SEK/kWh
SE3,2026-02-05 04:45:00+01:00,2026-02-05 05:00:00+01:00,2026-02-05,4.0,0.96371,SEK,SEK/kWh
SE3,2026-02-05 05:00:00+01:00,2026-02-05 05:15:00+01:00,2026-02-05,5.0,0.92544,SEK,SEK/kWh
SE3,2026-02-05 05:15:00+01:00,2026-02-05 05:30:00+01:00,2026-02-05,5.0,0.94204,SEK,SEK/kWh
SE3,2026-02-05 05:30:00+01:00,2026-02-05 05:45:00+01:00,2026-02-05,5.0,0.9783,SEK,SEK/kWh
SE3,2026-02-05 05:45:00+01:00,2026-02-05 06:00:00+01:00,2026-02-05,5.0,1.02472,SEK,SEK/kWh
SE3,2026-02-05 06:00:00+01:00,2026-02-05 06:15:00+01:00,2026-02-05,6.0,0.95049,SEK,SEK/kWh
SE3,2026-02-05 06:15:00+01:00,2026-02-05 06:30:00+01:00,2026-02-05,6.0,1.07832,SEK,SEK/kWh
SE3,2026-02-05 06:30:00+01:00,2026-02-05 06:45:00+01:00,2026-02-05,6.0,1.11892,SEK,SEK/kWh
SE3,2026-02-05 06:45:00+01:00,2026-02-05 07:00:00+01:00,2026-02-05,6.0,1.1444,SEK,SEK/kWh
SE3,2026-02-05 07:00:00+01:00,2026-02-05 07:15:00+01:00,2026-02-05,7.0,1.09989,SEK,SEK/kWh
SE3,2026-02-05 07:15:00+01:00,2026-02-05 07:30:00+01:00,2026-02-05,7.0,1.19409,SEK,SEK/kWh
SE3,2026-02-05 07:30:00+01:00,2026-02-05 07:45:00+01:00,2026-02-05,7.0,1.28555,SEK,SEK/kWh
SE3,2026-02-05 07:45:00+01:00,2026-02-05 08:00:00+01:00,2026-02-05,7.0,1.31653,SEK,SEK/kWh
SE3,2026-02-05 08:00:00+01:00,2026-02-05 08:15:00+01:00,2026-02-05,8.0,1.32974,SEK,SEK/kWh
SE3,2026-02-05 08:15:00+01:00,2026-02-05 08:30:00+01:00,2026-02-05,8.0,1.35913,SEK,SEK/kWh
SE3,2026-02-05 08:30:00+01:00,2026-02-05 08:45:00+01:00,2026-02-05,8.0,1.38398,SEK,SEK/kWh
SE3,2026-02-05 08:45:00+01:00,2026-02-05 09:00:00+01:00,2026-02-05,8.0,1.47966,SEK,SEK/kWh
SE3,2026-02-05 09:00:00+01:00,2026-02-05 09:15:00+01:00,2026-02-05,9.0,1.36209,SEK,SEK/kWh
SE3,2026-02-05 09:15:00+01:00,2026-02-05 09:30:00+01:00,2026-02-05,9.0,1.33735,SEK,SEK/kWh
SE3,2026-02-05 09:30:00+01:00,2026-02-05 09:45:00+01:00,2026-02-05,9.0,1.32657,SEK,SEK/kWh
SE3,2026-02-05 09:45:00+01:00,2026-02-05 10:00:00+01:00,2026-02-05,9.0,1.35459,SEK,SEK/kWh
SE3,2026-02-05 10:00:00+01:00,2026-02-05 10:15:00+01:00,2026-02-05,10.0,1.38091,SEK,SEK/kWh
SE3,2026-02-05 10:15:00+01:00,2026-02-05 10:30:00+01:00,2026-02-05,10.0,1.3216,SEK,SEK/kWh
SE3,2026-02-05 10:30:00+01:00,2026-02-05 10:45:00+01:00,2026-02-05,10.0,1.33217,SEK,SEK/kWh
SE3,2026-02-05 10:45:00+01:00,2026-02-05 11:00:00+01:00,2026-02-05,10.0,1.28999,SEK,SEK/kWh
SE3,2026-02-05 11:00:00+01:00,2026-02-05 11:15:00+01:00,2026-02-05,11.0,1.39466,SEK,SEK/kWh
SE3,2026-02-05 11:15:00+01:00,2026-02-05 11:30:00+01:00,2026-02-05,11.0,1.32308,SEK,SEK/kWh
SE3,2026-02-05 11:30:00+01:00,2026-02-05 11:45:00+01:00,2026-02-05,11.0,1.30934,SEK,SEK/kWh
SE3,2026-02-05 11:45:00+01:00,2026-02-05 12:00:00+01:00,2026-02-05,11.0,1.26863,SEK,SEK/kWh
SE3,2026-02-05 12:00:00+01:00,2026-02-05 12:15:00+01:00,2026-02-05,12.0,1.31557,SEK,SEK/kWh
SE3,2026-02-05 12:15:00+01:00,2026-02-05 12:30:00+01:00,2026-02-05,12.0,1.28026,SEK,SEK/kWh
SE3,2026-02-05 12:30:00+01:00,2026-02-05 12:45:00+01:00,2026-02-05,12.0,1.24717,SEK,SEK/kWh
SE3,2026-02-05 12:45:00+01:00,2026-02-05 13:00:00+01:00,2026-02-05,12.0,1.23765,SEK,SEK/kWh
SE3,2026-02-05 13:00:00+01:00,2026-02-05 13:15:00+01:00,2026-02-05,13.0,1.23406,SEK,SEK/kWh
SE3,2026-02-05 13:15:00+01:00,2026-02-05 13:30:00+01:00,2026-02-05,13.0,1.22306,SEK,SEK/kWh
SE3,2026-02-05 13:30:00+01:00,2026-02-05 13:45:00+01:00,2026-02-05,13.0,1.22052,SEK,SEK/kWh
SE3,2026-02-05 13:45:00+01:00,2026-02-05 14:00:00+01:00,2026-02-05,13.0,1.21587,SEK,SEK/kWh
SE3,2026-02-05 14:00:00+01:00,2026-02-05 14:15:00+01:00,2026-02-05,14.0,1.20773,SEK,SEK/kWh
SE3,2026-02-05 14:15:00+01:00,2026-02-05 14:30:00+01:00,2026-02-05,14.0,1.19874,SEK,SEK/kWh
SE3,2026-02-05 14:30:00+01:00,2026-02-05 14:45:00+01:00,2026-02-05,14.0,1.20414,SEK,SEK/kWh
SE3,2026-02-05 14:45:00+01:00,2026-02-05 15:00:00+01:00,2026-02-05,14.0,1.24252,SEK,SEK/kWh
SE3,2026-02-05 15:00:00+01:00,2026-02-05 15:15:00+01:00,2026-02-05,15.0,1.17316,SEK,SEK/kWh
SE3,2026-02-05 15:15:00+01:00,2026-02-05 15:30:00+01:00,2026-02-05,15.0,1.20424,SEK,SEK/kWh
SE3,2026-02-05 15:30:00+01:00,2026-02-05 15:45:00+01:00,2026-02-05,15.0,1.27815,SEK,SEK/kWh
SE3,2026-02-05 15:45:00+01:00,2026-02-05 16:00:00+01:00,2026-02-05,15.0,1.37224,SEK,SEK/kWh
SE3,2026-02-05 16:00:00+01:00,2026-02-05 16:15:00+01:00,2026-02-05,16.0,1.26408,SEK,SEK/kWh
SE3,2026-02-05 16:15:00+01:00,2026-02-05 16:30:00+01:00,2026-02-05,16.0,1.32773,SEK,SEK/kWh
SE3,2026-02-05 16:30:00+01:00,2026-02-05 16:45:00+01:00,2026-02-05,16.0,1.39751,SEK,SEK/kWh
SE3,2026-02-05 16:45:00+01:00,2026-02-05 17:00:00+01:00,2026-02-05,16.0,1.38366,SEK,SEK/kWh
SE3,2026-02-05 17:00:00+01:00,2026-02-05 17:15:00+01:00,2026-02-05,17.0,1.38631,SEK,SEK/kWh
SE3,2026-02-05 17:15:00+01:00,2026-02-05 17:30:00+01:00,2026-02-05,17.0,1.4379,SEK,SEK/kWh
SE3,2026-02-05 17:30:00+01:00,2026-02-05 17:45:00+01:00,2026-02-05,17.0,1.57154,SEK,SEK/kWh
SE3,2026-02-05 17:45:00+01:00,2026-02-05 18:00:00+01:00,2026-02-05,17.0,1.60622,SEK,SEK/kWh
SE3,2026-02-05 18:00:00+01:00,2026-02-05 18:15:00+01:00,2026-02-05,18.0,1.49151,SEK,SEK/kWh
SE3,2026-02-05 18:15:00+01:00,2026-02-05 18:30:00+01:00,2026-02-05,18.0,1.43928,SEK,SEK/kWh
SE3,2026-02-05 18:30:00+01:00,2026-02-05 18:45:00+01:00,2026-02-05,18.0,1.46803,SEK,SEK/kWh
SE3,2026-02-05 18:45:00+01:00,2026-02-05 19:00:00+01:00,2026-02-05,18.0,1.42141,SEK,SEK/kWh
SE3,2026-02-05 19:00:00+01:00,2026-02-05 19:15:00+01:00,2026-02-05,19.0,1.47681,SEK,SEK/kWh
SE3,2026-02-05 19:15:00+01:00,2026-02-05 19:30:00+01:00,2026-02-05,19.0,1.41602,SEK,SEK/kWh
SE3,2026-02-05 19:30:00+01:00,2026-02-05 19:45:00+01:00,2026-02-05,19.0,1.38187,SEK,SEK/kWh
SE3,2026-02-05 19:45:00+01:00,2026-02-05 20:00:00+01:00,2026-02-05,19.0,1.33757,SEK,SEK/kWh
SE3,2026-02-05 20:00:00+01:00,2026-02-05 20:15:00+01:00,2026-02-05,20.0,1.38683,SEK,SEK/kWh
SE3,2026-02-05 20:15:00+01:00,2026-02-05 20:30:00+01:00,2026-02-05,20.0,1.30733,SEK,SEK/kWh
SE3,2026-02-05 20:30:00+01:00,2026-02-05 20:45:00+01:00,2026-02-05,20.0,1.23987,SEK,SEK/kWh
SE3,2026-02-05 20:45:00+01:00,2026-02-05 21:00:00+01:00,2026-02-05,20.0,1.17052,SEK,SEK/kWh
SE3,2026-02-05 21:00:00+01:00,2026-02-05 21:15:00+01:00,2026-02-05,21.0,1.19917,SEK,SEK/kWh
SE3,2026-02-05 21:15:00+01:00,2026-02-05 21:30:00+01:00,2026-02-05,21.0,1.1536,SEK,SEK/kWh
SE3,2026-02-05 21:30:00+01:00,2026-02-05 21:45:00+01:00,2026-02-05,21.0,1.13192,SEK,SEK/kWh
SE3,2026-02-05 21:45:00+01:00,2026-02-05 22:00:00+01:00,2026-02-05,21.0,1.10052,SEK,SEK/kWh
SE3,2026-02-05 22:00:00+01:00,2026-02-05 22:15:00+01:00,2026-02-05,22.0,1.14514,SEK,SEK/kWh
SE3,2026-02-05 22:15:00+01:00,2026-02-05 22:30:00+01:00,2026-02-05,22.0,1.12653,SEK,SEK/kWh
SE3,2026-02-05 22:30:00+01:00,2026-02-05 22:45:00+01:00,2026-02-05,22.0,1.10232,SEK,SEK/kWh
SE3,2026-02-05 22:45:00+01:00,2026-02-05 23:00:00+01:00,2026-02-05,22.0,1.08435,SEK,SEK/kWh
SE3,2026-02-05 23:00:00+01:00,2026-02-05 23:15:00+01:00,2026-02-05,23.0,1.12135,SEK,SEK/kWh
SE3,2026-02-05 23:15:00+01:00,2026-02-05 23:30:00+01:00,2026-02-05,23.0,1.07219,SEK,SEK/kWh
SE3,2026-02-05 23:30:00+01:00,2026-02-05 23:45:00+01:00,2026-02-05,23.0,1.03846,SEK,SEK/kWh
SE3,2026-02-05 23:45:00+01:00,2026-02-06 00:00:00+01:00,2026-02-05,23.0,0.9894,SEK,SEK/kWh
SE3,2026-02-06 00:00:00+01:00,2026-02-06 00:15:00+01:00,2026-02-06,0.0,1.06811,SEK,SEK/kWh
SE3,2026-02-06 00:15:00+01:00,2026-02-06 00:30:00+01:00,2026-02-06,0.0,1.05175,SEK,SEK/kWh
SE3,2026-02-06 00:30:00+01:00,2026-02-06 00:45:00+01:00,2026-02-06,0.0,1.05122,SEK,SEK/kWh
SE3,2026-02-06 00:45:00+01:00,2026-02-06 01:00:00+01:00,2026-02-06,0.0,1.05547,SEK,SEK/kWh
SE3,2026-02-06 01:00:00+01:00,2026-02-06 01:15:00+01:00,2026-02-06,1.0,1.07959,SEK,SEK/kWh
SE3,2026-02-06 01:15:00+01:00,2026-02-06 01:30:00+01:00,2026-02-06,1.0,1.05876,SEK,SEK/kWh
SE3,2026-02-06 01:30:00+01:00,2026-02-06 01:45:00+01:00,2026-02-06,1.0,1.04591,SEK,SEK/kWh
SE3,2026-02-06 01:45:00+01:00,2026-02-06 02:00:00+01:00,2026-02-06,1.0,1.03783,SEK,SEK/kWh
SE3,2026-02-06 02:00:00+01:00,2026-02-06 02:15:00+01:00,2026-02-06,2.0,1.05218,SEK,SEK/kWh
SE3,2026-02-06 02:15:00+01:00,2026-02-06 02:30:00+01:00,2026-02-06,2.0,1.04059,SEK,SEK/kWh
SE3,2026-02-06 02:30:00+01:00,2026-02-06 02:45:00+01:00,2026-02-06,2.0,1.03411,SEK,SEK/kWh
SE3,2026-02-06 02:45:00+01:00,2026-02-06 03:00:00+01:00,2026-02-06,2.0,1.04665,SEK,SEK/kWh
SE3,2026-02-06 03:00:00+01:00,2026-02-06 03:15:00+01:00,2026-02-06,3.0,1.0306,SEK,SEK/kWh
SE3,2026-02-06 03:15:00+01:00,2026-02-06 03:30:00+01:00,2026-02-06,3.0,1.05292,SEK,SEK/kWh
SE3,2026-02-06 03:30:00+01:00,2026-02-06 03:45:00+01:00,2026-02-06,3.0,1.04888,SEK,SEK/kWh
SE3,2026-02-06 03:45:00+01:00,2026-02-06 04:00:00+01:00,2026-02-06,3.0,1.05547,SEK,SEK/kWh
SE3,2026-02-06 04:00:00+01:00,2026-02-06 04:15:00+01:00,2026-02-06,4.0,1.02179,SEK,SEK/kWh
SE3,2026-02-06 04:15:00+01:00,2026-02-06 04:30:00+01:00,2026-02-06,4.0,1.04081,SEK,SEK/kWh
SE3,2026-02-06 04:30:00+01:00,2026-02-06 04:45:00+01:00,2026-02-06,4.0,1.04941,SEK,SEK/kWh
SE3,2026-02-06 04:45:00+01:00,2026-02-06 05:00:00+01:00,2026-02-06,4.0,1.07375,SEK,SEK/kWh
SE3,2026-02-06 05:00:00+01:00,2026-02-06 05:15:00+01:00,2026-02-06,5.0,1.04994,SEK,SEK/kWh
SE3,2026-02-06 05:15:00+01:00,2026-02-06 05:30:00+01:00,2026-02-06,5.0,1.07523,SEK,SEK/kWh
SE3,2026-02-06 05:30:00+01:00,2026-02-06 05:45:00+01:00,2026-02-06,5.0,1.10222,SEK,SEK/kWh
SE3,2026-02-06 05:45:00+01:00,2026-02-06 06:00:00+01:00,2026-02-06,5.0,1.16013,SEK,SEK/kWh
SE3,2026-02-06 06:00:00+01:00,2026-02-06 06:15:00+01:00,2026-02-06,6.0,1.07513,SEK,SEK/kWh
SE3,2026-02-06 06:15:00+01:00,2026-02-06 06:30:00+01:00,2026-02-06,6.0,1.10456,SEK,SEK/kWh
SE3,2026-02-06 06:30:00+01:00,2026-02-06 06:45:00+01:00,2026-02-06,6.0,1.1561,SEK,SEK/kWh
SE3,2026-02-06 06:45:00+01:00,2026-02-06 07:00:00+01:00,2026-02-06,6.0,1.23717,SEK,SEK/kWh
SE3,2026-02-06 07:00:00+01:00,2026-02-06 07:15:00+01:00,2026-02-06,7.0,1.22888,SEK,SEK/kWh
SE3,2026-02-06 07:15:00+01:00,2026-02-06 07:30:00+01:00,2026-02-06,7.0,1.32739,SEK,SEK/kWh
SE3,2026-02-06 07:30:00+01:00,2026-02-06 07:45:00+01:00,2026-02-06,7.0,1.46329,SEK,SEK/kWh
SE3,2026-02-06 07:45:00+01:00,2026-02-06 08:00:00+01:00,2026-02-06,7.0,1.51546,SEK,SEK/kWh
SE3,2026-02-06 08:00:00+01:00,2026-02-06 08:15:00+01:00,2026-02-06,8.0,1.4499,SEK,SEK/kWh
SE3,2026-02-06 08:15:00+01:00,2026-02-06 08:30:00+01:00,2026-02-06,8.0,1.5246,SEK,SEK/kWh
SE3,2026-02-06 08:30:00+01:00,2026-02-06 08:45:00+01:00,2026-02-06,8.0,1.55191,SEK,SEK/kWh
SE3,2026-02-06 08:45:00+01:00,2026-02-06 09:00:00+01:00,2026-02-06,8.0,1.56371,SEK,SEK/kWh
SE3,2026-02-06 09:00:00+01:00,2026-02-06 09:15:00+01:00,2026-02-06,9.0,1.57348,SEK,SEK/kWh
SE3,2026-02-06 09:15:00+01:00,2026-02-06 09:30:00+01:00,2026-02-06,9.0,1.57199,SEK,SEK/kWh
SE3,2026-02-06 09:30:00+01:00,2026-02-06 09:45:00+01:00,2026-02-06,9.0,1.50526,SEK,SEK/kWh
SE3,2026-02-06 09:45:00+01:00,2026-02-06 10:00:00+01:00,2026-02-06,9.0,1.47625,SEK,SEK/kWh
SE3,2026-02-06 10:00:00+01:00,2026-02-06 10:15:00+01:00,2026-02-06,10.0,1.57284,SEK,SEK/kWh
SE3,2026-02-06 10:15:00+01:00,2026-02-06 10:30:00+01:00,2026-02-06,10.0,1.52535,SEK,SEK/kWh
SE3,2026-02-06 10:30:00+01:00,2026-02-06 10:45:00+01:00,2026-02-06,10.0,1.48762,SEK,SEK/kWh
SE3,2026-02-06 10:45:00+01:00,2026-02-06 11:00:00+01:00,2026-02-06,10.0,1.45203,SEK,SEK/kWh
SE3,2026-02-06 11:00:00+01:00,2026-02-06 11:15:00+01:00,2026-02-06,11.0,1.52598,SEK,SEK/kWh
SE3,2026-02-06 11:15:00+01:00,2026-02-06 11:30:00+01:00,2026-02-06,11.0,1.49984,SEK,SEK/kWh
SE3,2026-02-06 11:30:00+01:00,2026-02-06 11:45:00+01:00,2026-02-06,11.0,1.4635,SEK,SEK/kWh
SE3,2026-02-06 11:45:00+01:00,2026-02-06 12:00:00+01:00,2026-02-06,11.0,1.4057,SEK,SEK/kWh
SE3,2026-02-06 12:00:00+01:00,2026-02-06 12:15:00+01:00,2026-02-06,12.0,1.43906,SEK,SEK/kWh
SE3,2026-02-06 12:15:00+01:00,2026-02-06 12:30:00+01:00,2026-02-06,12.0,1.40325,SEK,SEK/kWh
SE3,2026-02-06 12:30:00+01:00,2026-02-06 12:45:00+01:00,2026-02-06,12.0,1.41717,SEK,SEK/kWh
SE3,2026-02-06 12:45:00+01:00,2026-02-06 13:00:00+01:00,2026-02-06,12.0,1.36415,SEK,SEK/kWh
SE3,2026-02-06 13:00:00+01:00,2026-02-06 13:15:00+01:00,2026-02-06,13.0,1.42844,SEK,SEK/kWh
SE3,2026-02-06 13:15:00+01:00,2026-02-06 13:30:00+01:00,2026-02-06,13.0,1.3989,SEK,SEK/kWh
SE3,2026-02-06 13:30:00+01:00,2026-02-06 13:45:00+01:00,2026-02-06,13.0,1.35958,SEK,SEK/kWh
SE3,2026-02-06 13:45:00+01:00,2026-02-06 14:00:00+01:00,2026-02-06,13.0,1.30241,SEK,SEK/kWh
SE3,2026-02-06 14:00:00+01:00,2026-02-06 14:15:00+01:00,2026-02-06,14.0,1.25385,SEK,SEK/kWh
SE3,2026-02-06 14:15:00+01:00,2026-02-06 14:30:00+01:00,2026-02-06,14.0,1.24333,SEK,SEK/kWh
SE3,2026-02-06 14:30:00+01:00,2026-02-06 14:45:00+01:00,2026-02-06,14.0,1.28775,SEK,SEK/kWh
SE3,2026-02-06 14:45:00+01:00,2026-02-06 15:00:00+01:00,2026-02-06,14.0,1.33663,SEK,SEK/kWh
SE3,2026-02-06 15:00:00+01:00,2026-02-06 15:15:00+01:00,2026-02-06,15.0,1.2258,SEK,SEK/kWh
SE3,2026-02-06 15:15:00+01:00,2026-02-06 15:30:00+01:00,2026-02-06,15.0,1.27638,SEK,SEK/kWh
SE3,2026-02-06 15:30:00+01:00,2026-02-06 15:45:00+01:00,2026-02-06,15.0,1.32547,SEK,SEK/kWh
SE3,2026-02-06 15:45:00+01:00,2026-02-06 16:00:00+01:00,2026-02-06,15.0,1.34396,SEK,SEK/kWh
SE3,2026-02-06 16:00:00+01:00,2026-02-06 16:15:00+01:00,2026-02-06,16.0,1.25375,SEK,SEK/kWh
SE3,2026-02-06 16:15:00+01:00,2026-02-06 16:30:00+01:00,2026-02-06,16.0,1.29051,SEK,SEK/kWh
SE3,2026-02-06 16:30:00+01:00,2026-02-06 16:45:00+01:00,2026-02-06,16.0,1.31049,SEK,SEK/kWh
SE3,2026-02-06 16:45:00+01:00,2026-02-06 17:00:00+01:00,2026-02-06,16.0,1.32887,SEK,SEK/kWh
SE3,2026-02-06 17:00:00+01:00,2026-02-06 17:15:00+01:00,2026-02-06,17.0,1.28254,SEK,SEK/kWh
SE3,2026-02-06 17:15:00+01:00,2026-02-06 17:30:00+01:00,2026-02-06,17.0,1.3548,SEK,SEK/kWh
SE3,2026-02-06 17:30:00+01:00,2026-02-06 17:45:00+01:00,2026-02-06,17.0,1.39582,SEK,SEK/kWh
SE3,2026-02-06 17:45:00+01:00,2026-02-06 18:00:00+01:00,2026-02-06,17.0,1.44937,SEK,SEK/kWh
SE3,2026-02-06 18:00:00+01:00,2026-02-06 18:15:00+01:00,2026-02-06,18.0,1.40782,SEK,SEK/kWh
SE3,2026-02-06 18:15:00+01:00,2026-02-06 18:30:00+01:00,2026-02-06,18.0,1.38349,SEK,SEK/kWh
SE3,2026-02-06 18:30:00+01:00,2026-02-06 18:45:00+01:00,2026-02-06,18.0,1.2987,SEK,SEK/kWh
SE3,2026-02-06 18:45:00+01:00,2026-02-06 19:00:00+01:00,2026-02-06,18.0,1.28658,SEK,SEK/kWh
SE3,2026-02-06 19:00:00+01:00,2026-02-06 19:15:00+01:00,2026-02-06,19.0,1.32112,SEK,SEK/kWh
SE3,2026-02-06 19:15:00+01:00,2026-02-06 19:30:00+01:00,2026-02-06,19.0,1.25141,SEK,SEK/kWh
SE3,2026-02-06 19:30:00+01:00,2026-02-06 19:45:00+01:00,2026-02-06,19.0,1.23983,SEK,SEK/kWh
SE3,2026-02-06 19:45:00+01:00,2026-02-06 20:00:00+01:00,2026-02-06,19.0,1.18192,SEK,SEK/kWh
SE3,2026-02-06 20:00:00+01:00,2026-02-06 20:15:00+01:00,2026-02-06,20.0,1.20742,SEK,SEK/kWh
SE3,2026-02-06 20:15:00+01:00,2026-02-06 20:30:00+01:00,2026-02-06,20.0,1.14494,SEK,SEK/kWh
SE3,2026-02-06 20:30:00+01:00,2026-02-06 20:45:00+01:00,2026-02-06,20.0,1.11412,SEK,SEK/kWh
SE3,2026-02-06 20:45:00+01:00,2026-02-06 21:00:00+01:00,2026-02-06,20.0,1.1052,SEK,SEK/kWh
SE3,2026-02-06 21:00:00+01:00,2026-02-06 21:15:00+01:00,2026-02-06,21.0,1.15216,SEK,SEK/kWh
SE3,2026-02-06 21:15:00+01:00,2026-02-06 21:30:00+01:00,2026-02-06,21.0,1.12836,SEK,SEK/kWh
SE3,2026-02-06 21:30:00+01:00,2026-02-06 21:45:00+01:00,2026-02-06,21.0,1.10382,SEK,SEK/kWh
SE3,2026-02-06 21:45:00+01:00,2026-02-06 22:00:00+01:00,2026-02-06,21.0,1.08427,SEK,SEK/kWh
SE3,2026-02-06 22:00:00+01:00,2026-02-06 22:15:00+01:00,2026-02-06,22.0,1.11136,SEK,SEK/kWh
SE3,2026-02-06 22:15:00+01:00,2026-02-06 22:30:00+01:00,2026-02-06,22.0,1.09829,SEK,SEK/kWh
SE3,2026-02-06 22:30:00+01:00,2026-02-06 22:45:00+01:00,2026-02-06,22.0,1.0883,SEK,SEK/kWh
SE3,2026-02-06 22:45:00+01:00,2026-02-06 23:00:00+01:00,2026-02-06,22.0,1.07991,SEK,SEK/kWh
SE3,2026-02-06 23:00:00+01:00,2026-02-06 23:15:00+01:00,2026-02-06,23.0,1.08767,SEK,SEK/kWh
SE3,2026-02-06 23:15:00+01:00,2026-02-06 23:30:00+01:00,2026-02-06,23.0,1.07321,SEK,SEK/kWh
SE3,2026-02-06 23:30:00+01:00,2026-02-06 23:45:00+01:00,2026-02-06,23.0,1.06333,SEK,SEK/kWh
SE3,2026-02-06 23:45:00+01:00,2026-02-07 00:00:00+01:00,2026-02-06,23.0,1.02646,SEK,SEK/kWh
SE3,2026-02-07 00:00:00+01:00,2026-02-07 00:15:00+01:00,2026-02-07,0.0,1.10536,SEK,SEK/kWh
SE3,2026-02-07 00:15:00+01:00,2026-02-07 00:30:00+01:00,2026-02-07,0.0,1.08765,SEK,SEK/kWh
SE3,2026-02-07 00:30:00+01:00,2026-02-07 00:45:00+01:00,2026-02-07,0.0,1.07229,SEK,SEK/kWh
SE3,2026-02-07 00:45:00+01:00,2026-02-07 01:00:00+01:00,2026-02-07,0.0,1.06493,SEK,SEK/kWh
SE3,2026-02-07 01:00:00+01:00,2026-02-07 01:15:00+01:00,2026-02-07,1.0,1.06941,SEK,SEK/kWh
SE3,2026-02-07 01:15:00+01:00,2026-02-07 01:30:00+01:00,2026-02-07,1.0,1.05362,SEK,SEK/kWh
SE3,2026-02-07 01:30:00+01:00,2026-02-07 01:45:00+01:00,2026-02-07,1.0,1.07421,SEK,SEK/kWh
SE3,2026-02-07 01:45:00+01:00,2026-02-07 02:00:00+01:00,2026-02-07,1.0,1.06962,SEK,SEK/kWh
SE3,2026-02-07 02:00:00+01:00,2026-02-07 02:15:00+01:00,2026-02-07,2.0,1.06855,SEK,SEK/kWh
SE3,2026-02-07 02:15:00+01:00,2026-02-07 02:30:00+01:00,2026-02-07,2.0,1.06045,SEK,SEK/kWh
SE3,2026-02-07 02:30:00+01:00,2026-02-07 02:45:00+01:00,2026-02-07,2.0,1.03357,SEK,SEK/kWh
SE3,2026-02-07 02:45:00+01:00,2026-02-07 03:00:00+01:00,2026-02-07,2.0,1.02108,SEK,SEK/kWh
SE3,2026-02-07 03:00:00+01:00,2026-02-07 03:15:00+01:00,2026-02-07,3.0,1.04807,SEK,SEK/kWh
SE3,2026-02-07 03:15:00+01:00,2026-02-07 03:30:00+01:00,2026-02-07,3.0,1.02941,SEK,SEK/kWh
SE3,2026-02-07 03:30:00+01:00,2026-02-07 03:45:00+01:00,2026-02-07,3.0,1.03805,SEK,SEK/kWh
SE3,2026-02-07 03:45:00+01:00,2026-02-07 04:00:00+01:00,2026-02-07,3.0,1.0182,SEK,SEK/kWh
SE3,2026-02-07 04:00:00+01:00,2026-02-07 04:15:00+01:00,2026-02-07,4.0,1.02247,SEK,SEK/kWh
SE3,2026-02-07 04:15:00+01:00,2026-02-07 04:30:00+01:00,2026-02-07,4.0,1.03015,SEK,SEK/kWh
SE3,2026-02-07 04:30:00+01:00,2026-02-07 04:45:00+01:00,2026-02-07,4.0,1.0325,SEK,SEK/kWh
SE3,2026-02-07 04:45:00+01:00,2026-02-07 05:00:00+01:00,2026-02-07,4.0,1.0277,SEK,SEK/kWh
SE3,2026-02-07 05:00:00+01:00,2026-02-07 05:15:00+01:00,2026-02-07,5.0,1.00871,SEK,SEK/kWh
SE3,2026-02-07 05:15:00+01:00,2026-02-07 05:30:00+01:00,2026-02-07,5.0,1.0277,SEK,SEK/kWh
SE3,2026-02-07 05:30:00+01:00,2026-02-07 05:45:00+01:00,2026-02-07,5.0,1.03197,SEK,SEK/kWh
SE3,2026-02-07 05:45:00+01:00,2026-02-07 06:00:00+01:00,2026-02-07,5.0,1.04551,SEK,SEK/kWh
SE3,2026-02-07 06:00:00+01:00,2026-02-07 06:15:00+01:00,2026-02-07,6.0,0.97063,SEK,SEK/kWh
SE3,2026-02-07 06:15:00+01:00,2026-02-07 06:30:00+01:00,2026-02-07,6.0,1.02364,SEK,SEK/kWh
SE3,2026-02-07 06:30:00+01:00,2026-02-07 06:45:00+01:00,2026-02-07,6.0,1.05575,SEK,SEK/kWh
SE3,2026-02-07 06:45:00+01:00,2026-02-07 07:00:00+01:00,2026-02-07,6.0,1.07624,SEK,SEK/kWh
SE3,2026-02-07 07:00:00+01:00,2026-02-07 07:15:00+01:00,2026-02-07,7.0,1.06962,SEK,SEK/kWh
SE3,2026-02-07 07:15:00+01:00,2026-02-07 07:30:00+01:00,2026-02-07,7.0,1.09213,SEK,SEK/kWh
SE3,2026-02-07 07:30:00+01:00,2026-02-07 07:45:00+01:00,2026-02-07,7.0,1.10973,SEK,SEK/kWh
SE3,2026-02-07 07:45:00+01:00,2026-02-07 08:00:00+01:00,2026-02-07,7.0,1.12445,SEK,SEK/kWh
SE3,2026-02-07 08:00:00+01:00,2026-02-07 08:15:00+01:00,2026-02-07,8.0,1.11773,SEK,SEK/kWh
SE3,2026-02-07 08:15:00+01:00,2026-02-07 08:30:00+01:00,2026-02-07,8.0,1.14771,SEK,SEK/kWh
SE3,2026-02-07 08:30:00+01:00,2026-02-07 08:45:00+01:00,2026-02-07,8.0,1.16723,SEK,SEK/kWh
SE3,2026-02-07 08:45:00+01:00,2026-02-07 09:00:00+01:00,2026-02-07,8.0,1.16766,SEK,SEK/kWh
SE3,2026-02-07 09:00:00+01:00,2026-02-07 09:15:00+01:00,2026-02-07,9.0,1.22633,SEK,SEK/kWh
SE3,2026-02-07 09:15:00+01:00,2026-02-07 09:30:00+01:00,2026-02-07,9.0,1.17342,SEK,SEK/kWh
SE3,2026-02-07 09:30:00+01:00,2026-02-07 09:45:00+01:00,2026-02-07,9.0,1.19902,SEK,SEK/kWh
SE3,2026-02-07 09:45:00+01:00,2026-02-07 10:00:00+01:00,2026-02-07,9.0,1.16723,SEK,SEK/kWh
SE3,2026-02-07 10:00:00+01:00,2026-02-07 10:15:00+01:00,2026-02-07,10.0,1.20616,SEK,SEK/kWh
SE3,2026-02-07 10:15:00+01:00,2026-02-07 10:30:00+01:00,2026-02-07,10.0,1.16659,SEK,SEK/kWh
SE3,2026-02-07 10:30:00+01:00,2026-02-07 10:45:00+01:00,2026-02-07,10.0,1.14963,SEK,SEK/kWh
SE3,2026-02-07 10:45:00+01:00,2026-02-07 11:00:00+01:00,2026-02-07,10.0,1.13139,SEK,SEK/kWh
SE3,2026-02-07 11:00:00+01:00,2026-02-07 11:15:00+01:00,2026-02-07,11.0,1.14013,SEK,SEK/kWh
SE3,2026-02-07 11:15:00+01:00,2026-02-07 11:30:00+01:00,2026-02-07,11.0,1.12883,SEK,SEK/kWh
SE3,2026-02-07 11:30:00+01:00,2026-02-07 11:45:00+01:00,2026-02-07,11.0,1.10674,SEK,SEK/kWh
SE3,2026-02-07 11:45:00+01:00,2026-02-07 12:00:00+01:00,2026-02-07,11.0,1.08424,SEK,SEK/kWh
SE3,2026-02-07 12:00:00+01:00,2026-02-07 12:15:00+01:00,2026-02-07,12.0,1.106,SEK,SEK/kWh
SE3,2026-02-07 12:15:00+01:00,2026-02-07 12:30:00+01:00,2026-02-07,12.0,1.0789,SEK,SEK/kWh
SE3,2026-02-07 12:30:00+01:00,2026-02-07 12:45:00+01:00,2026-02-07,12.0,1.07218,SEK,SEK/kWh
SE3,2026-02-07 12:45:00+01:00,2026-02-07 13:00:00+01:00,2026-02-07,12.0,1.06674,SEK,SEK/kWh
SE3,2026-02-07 13:00:00+01:00,2026-02-07 13:15:00+01:00,2026-02-07,13.0,1.07101,SEK,SEK/kWh
SE3,2026-02-07 13:15:00+01:00,2026-02-07 13:30:00+01:00,2026-02-07,13.0,1.06375,SEK,SEK/kWh
SE3,2026-02-07 13:30:00+01:00,2026-02-07 13:45:00+01:00,2026-02-07,13.0,1.05831,SEK,SEK/kWh
SE3,2026-02-07 13:45:00+01:00,2026-02-07 14:00:00+01:00,2026-02-07,13.0,1.06663,SEK,SEK/kWh
SE3,2026-02-07 14:00:00+01:00,2026-02-07 14:15:00+01:00,2026-02-07,14.0,1.05927,SEK,SEK/kWh
SE3,2026-02-07 14:15:00+01:00,2026-02-07 14:30:00+01:00,2026-02-07,14.0,1.07058,SEK,SEK/kWh
SE3,2026-02-07 14:30:00+01:00,2026-02-07 14:45:00+01:00,2026-02-07,14.0,1.08541,SEK,SEK/kWh
SE3,2026-02-07 14:45:00+01:00,2026-02-07 15:00:00+01:00,2026-02-07,14.0,1.11378,SEK,SEK/kWh
SE3,2026-02-07 15:00:00+01:00,2026-02-07 15:15:00+01:00,2026-02-07,15.0,1.0837,SEK,SEK/kWh
SE3,2026-02-07 15:15:00+01:00,2026-02-07 15:30:00+01:00,2026-02-07,15.0,1.10653,SEK,SEK/kWh
SE3,2026-02-07 15:30:00+01:00,2026-02-07 15:45:00+01:00,2026-02-07,15.0,1.16243,SEK,SEK/kWh
SE3,2026-02-07 15:45:00+01:00,2026-02-07 16:00:00+01:00,2026-02-07,15.0,1.19219,SEK,SEK/kWh
SE3,2026-02-07 16:00:00+01:00,2026-02-07 16:15:00+01:00,2026-02-07,16.0,1.15443,SEK,SEK/kWh
SE3,2026-02-07 16:15:00+01:00,2026-02-07 16:30:00+01:00,2026-02-07,16.0,1.21865,SEK,SEK/kWh
SE3,2026-02-07 16:30:00+01:00,2026-02-07 16:45:00+01:00,2026-02-07,16.0,1.29193,SEK,SEK/kWh
SE3,2026-02-07 16:45:00+01:00,2026-02-07 17:00:00+01:00,2026-02-07,16.0,1.37578,SEK,SEK/kWh
SE3,2026-02-07 17:00:00+01:00,2026-02-07 17:15:00+01:00,2026-02-07,17.0,1.27166,SEK,SEK/kWh
SE3,2026-02-07 17:15:00+01:00,2026-02-07 17:30:00+01:00,2026-02-07,17.0,1.31903,SEK,SEK/kWh
SE3,2026-02-07 17:30:00+01:00,2026-02-07 17:45:00+01:00,2026-02-07,17.0,1.38356,SEK,SEK/kWh
SE3,2026-02-07 17:45:00+01:00,2026-02-07 18:00:00+01:00,2026-02-07,17.0,1.43989,SEK,SEK/kWh
SE3,2026-02-07 18:00:00+01:00,2026-02-07 18:15:00+01:00,2026-02-07,18.0,1.43733,SEK,SEK/kWh
SE3,2026-02-07 18:15:00+01:00,2026-02-07 18:30:00+01:00,2026-02-07,18.0,1.41973,SEK,SEK/kWh
SE3,2026-02-07 18:30:00+01:00,2026-02-07 18:45:00+01:00,2026-02-07,18.0,1.39732,SEK,SEK/kWh
SE3,2026-02-07 18:45:00+01:00,2026-02-07 19:00:00+01:00,2026-02-07,18.0,1.37407,SEK,SEK/kWh
SE3,2026-02-07 19:00:00+01:00,2026-02-07 19:15:00+01:00,2026-02-07,19.0,1.36031,SEK,SEK/kWh
SE3,2026-02-07 19:15:00+01:00,2026-02-07 19:30:00+01:00,2026-02-07,19.0,1.36735,SEK,SEK/kWh
SE3,2026-02-07 19:30:00+01:00,2026-02-07 19:45:00+01:00,2026-02-07,19.0,1.3074,SEK,SEK/kWh
SE3,2026-02-07 19:45:00+01:00,2026-02-07 20:00:00+01:00,2026-02-07,19.0,1.23187,SEK,SEK/kWh
SE3,2026-02-07 20:00:00+01:00,2026-02-07 20:15:00+01:00,2026-02-07,20.0,1.28041,SEK,SEK/kWh
SE3,2026-02-07 20:15:00+01:00,2026-02-07 20:30:00+01:00,2026-02-07,20.0,1.17864,SEK,SEK/kWh
SE3,2026-02-07 20:30:00+01:00,2026-02-07 20:45:00+01:00,2026-02-07,20.0,1.15432,SEK,SEK/kWh
SE3,2026-02-07 20:45:00+01:00,2026-02-07 21:00:00+01:00,2026-02-07,20.0,1.11784,SEK,SEK/kWh
SE3,2026-02-07 21:00:00+01:00,2026-02-07 21:15:00+01:00,2026-02-07,21.0,1.14088,SEK,SEK/kWh
SE3,2026-02-07 21:15:00+01:00,2026-02-07 21:30:00+01:00,2026-02-07,21.0,1.12371,SEK,SEK/kWh
SE3,2026-02-07 21:30:00+01:00,2026-02-07 21:45:00+01:00,2026-02-07,21.0,1.098,SEK,SEK/kWh
SE3,2026-02-07 21:45:00+01:00,2026-02-07 22:00:00+01:00,2026-02-07,21.0,1.08189,SEK,SEK/kWh
SE3,2026-02-07 22:00:00+01:00,2026-02-07 22:15:00+01:00,2026-02-07,22.0,1.12019,SEK,SEK/kWh
SE3,2026-02-07 22:15:00+01:00,2026-02-07 22:30:00+01:00,2026-02-07,22.0,1.10802,SEK,SEK/kWh
SE3,2026-02-07 22:30:00+01:00,2026-02-07 22:45:00+01:00,2026-02-07,22.0,1.09789,SEK,SEK/kWh
SE3,2026-02-07 22:45:00+01:00,2026-02-07 23:00:00+01:00,2026-02-07,22.0,1.0629,SEK,SEK/kWh
SE3,2026-02-07 23:00:00+01:00,2026-02-07 23:15:00+01:00,2026-02-07,23.0,1.10312,SEK,SEK/kWh
SE3,2026-02-07 23:15:00+01:00,2026-02-07 23:30:00+01:00,2026-02-07,23.0,1.07101,SEK,SEK/kWh
SE3,2026-02-07 23:30:00+01:00,2026-02-07 23:45:00+01:00,2026-02-07,23.0,1.01735,SEK,SEK/kWh
SE3,2026-02-07 23:45:00+01:00,2026-02-08 00:00:00+01:00,2026-02-07,23.0,0.96433,SEK,SEK/kWh
SE4,2026-02-01 00:00:00+01:00,2026-02-01 00:15:00+01:00,2026-02-01,0.0,0.684,SEK,SEK/kWh
SE4,2026-02-01 00:15:00+01:00,2026-02-01 00:30:00+01:00,2026-02-01,0.0,0.67935,SEK,SEK/kWh
SE4,2026-02-01 00:30:00+01:00,2026-02-01 00:45:00+01:00,2026-02-01,0.0,0.67818,SEK,SEK/kWh
SE4,2026-02-01 00:45:00+01:00,2026-02-01 01:00:00+01:00,2026-02-01,0.0,0.67427,SEK,SEK/kWh
SE4,2026-02-01 01:00:00+01:00,2026-02-01 01:15:00+01:00,2026-02-01,1.0,0.68051,SEK,SEK/kWh
SE4,2026-02-01 01:15:00+01:00,2026-02-01 01:30:00+01:00,2026-02-01,1.0,0.67914,SEK,SEK/kWh
SE4,2026-02-01 01:30:00+01:00,2026-02-01 01:45:00+01:00,2026-02-01,1.0,0.67776,SEK,SEK/kWh
SE4,2026-02-01 01:45:00+01:00,2026-02-01 02:00:00+01:00,2026-02-01,1.0,0.67311,SEK,SEK/kWh
SE4,2026-02-01 02:00:00+01:00,2026-02-01 02:15:00+01:00,2026-02-01,2.0,0.68707,SEK,SEK/kWh
SE4,2026-02-01 02:15:00+01:00,2026-02-01 02:30:00+01:00,2026-02-01,2.0,0.68189,SEK,SEK/kWh
SE4,2026-02-01 02:30:00+01:00,2026-02-01 02:45:00+01:00,2026-02-01,2.0,0.68432,SEK,SEK/kWh
SE4,2026-02-01 02:45:00+01:00,2026-02-01 03:00:00+01:00,2026-02-01,2.0,0.67533,SEK,SEK/kWh
SE4,2026-02-01 03:00:00+01:00,2026-02-01 03:15:00+01:00,2026-02-01,3.0,0.67427,SEK,SEK/kWh
SE4,2026-02-01 03:15:00+01:00,2026-02-01 03:30:00+01:00,2026-02-01,3.0,0.67395,SEK,SEK/kWh
SE4,2026-02-01 03:30:00+01:00,2026-02-01 03:45:00+01:00,2026-02-01,3.0,0.67406,SEK,SEK/kWh
SE4,2026-02-01 03:45:00+01:00,2026-02-01 04:00:00+01:00,2026-02-01,3.0,0.68876,SEK,SEK/kWh
SE4,2026-02-01 04:00:00+01:00,2026-02-01 04:15:00+01:00,2026-02-01,4.0,0.69585,SEK,SEK/kWh
SE4,2026-02-01 04:15:00+01:00,2026-02-01 04:30:00+01:00,2026-02-01,4.0,0.69807,SEK,SEK/kWh
SE4,2026-02-01 04:30:00+01:00,2026-02-01 04:45:00+01:00,2026-02-01,4.0,0.71765,SEK,SEK/kWh
SE4,2026-02-01 04:45:00+01:00,2026-02-01 05:00:00+01:00,2026-02-01,4.0,0.73235,SEK,SEK/kWh
SE4,2026-02-01 05:00:00+01:00,2026-02-01 05:15:00+01:00,2026-02-01,5.0,0.724,SEK,SEK/kWh
SE4,2026-02-01 05:15:00+01:00,2026-02-01 05:30:00+01:00,2026-02-01,5.0,0.7386,SEK,SEK/kWh
SE4,2026-02-01 05:30:00+01:00,2026-02-01 05:45:00+01:00,2026-02-01,5.0,0.77891,SEK,SEK/kWh
SE4,2026-02-01 05:45:00+01:00,2026-02-01 06:00:00+01:00,2026-02-01,5.0,0.80345,SEK,SEK/kWh
SE4,2026-02-01 06:00:00+01:00,2026-02-01 06:15:00+01:00,2026-02-01,6.0,0.7295,SEK,SEK/kWh
SE4,2026-02-01 06:15:00+01:00,2026-02-01 06:30:00+01:00,2026-02-01,6.0,0.77541,SEK,SEK/kWh
SE4,2026-02-01 06:30:00+01:00,2026-02-01 06:45:00+01:00,2026-02-01,6.0,0.80969,SEK,SEK/kWh
SE4,2026-02-01 06:45:00+01:00,2026-02-01 07:00:00+01:00,2026-02-01,6.0,0.82271,SEK,SEK/kWh
SE4,2026-02-01 07:00:00+01:00,2026-02-01 07:15:00+01:00,2026-02-01,7.0,0.77213,SEK,SEK/kWh
SE4,2026-02-01 07:15:00+01:00,2026-02-01 07:30:00+01:00,2026-02-01,7.0,0.78779,SEK,SEK/kWh
SE4,2026-02-01 07:30:00+01:00,2026-02-01 07:45:00+01:00,2026-02-01,7.0,0.89158,SEK,SEK/kWh
SE4,2026-02-01 07:45:00+01:00,2026-02-01 08:00:00+01:00,2026-02-01,7.0,0.95242,SEK,SEK/kWh
SE4,2026-02-01 08:00:00+01:00,2026-02-01 08:15:00+01:00,2026-02-01,8.0,0.91391,SEK,SEK/kWh
SE4,2026-02-01 08:15:00+01:00,2026-02-01 08:30:00+01:00,2026-02-01,8.0,0.94142,SEK,SEK/kWh
SE4,2026-02-01 08:30:00+01:00,2026-02-01 08:45:00+01:00,2026-02-01,8.0,0.96395,SEK,SEK/kWh
SE4,2026-02-01 08:45:00+01:00,2026-02-01 09:00:00+01:00,2026-02-01,8.0,1.0013,SEK,SEK/kWh
SE4,2026-02-01 09:00:00+01:00,2026-02-01 09:15:00+01:00,2026-02-01,9.0,0.8864,SEK,SEK/kWh
SE4,2026-02-01 09:15:00+01:00,2026-02-01 09:30:00+01:00,2026-02-01,9.0,0.89772,SEK,SEK/kWh
SE4,2026-02-01 09:30:00+01:00,2026-02-01 09:45:00+01:00,2026-02-01,9.0,0.93316,SEK,SEK/kWh
SE4,2026-02-01 09:45:00+01:00,2026-02-01 10:00:00+01:00,2026-02-01,9.0,1.03537,SEK,SEK/kWh
SE4,2026-02-01 10:00:00+01:00,2026-02-01 10:15:00+01:00,2026-02-01,10.0,0.95094,SEK,SEK/kWh
SE4,2026-02-01 10:15:00+01:00,2026-02-01 10:30:00+01:00,2026-02-01,10.0,1.05431,SEK,SEK/kWh
SE4,2026-02-01 10:30:00+01:00,2026-02-01 10:45:00+01:00,2026-02-01,10.0,1.07599,SEK,SEK/kWh
SE4,2026-02-01 10:45:00+01:00,2026-02-01 11:00:00+01:00,2026-02-01,10.0,1.10223,SEK,SEK/kWh
SE4,2026-02-01 11:00:00+01:00,2026-02-01 11:15:00+01:00,2026-02-01,11.0,0.82493,SEK,SEK/kWh
SE4,2026-02-01 11:15:00+01:00,2026-02-01 11:30:00+01:00,2026-02-01,11.0,0.99167,SEK,SEK/kWh
SE4,2026-02-01 11:30:00+01:00,2026-02-01 11:45:00+01:00,2026-02-01,11.0,1.05261,SEK,SEK/kWh
SE4,2026-02-01 11:45:00+01:00,2026-02-01 12:00:00+01:00,2026-02-01,11.0,1.08287,SEK,SEK/kWh
SE4,2026-02-01 12:00:00+01:00,2026-02-01 12:15:00+01:00,2026-02-01,12.0,0.9593,SEK,SEK/kWh
SE4,2026-02-01 12:15:00+01:00,2026-02-01 12:30:00+01:00,2026-02-01,12.0,1.00786,SEK,SEK/kWh
SE4,2026-02-01 12:30:00+01:00,2026-02-01 12:45:00+01:00,2026-02-01,12.0,1.04267,SEK,SEK/kWh
SE4,2026-02-01 12:45:00+01:00,2026-02-01 13:00:00+01:00,2026-02-01,12.0,1.0195,SEK,SEK/kWh
SE4,2026-02-01 13:00:00+01:00,2026-02-01 13:15:00+01:00,2026-02-01,13.0,1.05642,SEK,SEK/kWh
SE4,2026-02-01 13:15:00+01:00,2026-02-01 13:30:00+01:00,2026-02-01,13.0,1.03262,SEK,SEK/kWh
SE4,2026-02-01 13:30:00+01:00,2026-02-01 13:45:00+01:00,2026-02-01,13.0,1.02701,SEK,SEK/kWh
SE4,2026-02-01 13:45:00+01:00,2026-02-01 14:00:00+01:00,2026-02-01,13.0,1.02669,SEK,SEK/kWh
SE4,2026-02-01 14:00:00+01:00,2026-02-01 14:15:00+01:00,2026-02-01,14.0,1.05441,SEK,SEK/kWh
SE4,2026-02-01 14:15:00+01:00,2026-02-01 14:30:00+01:00,2026-02-01,14.0,1.05833,SEK,SEK/kWh
SE4,2026-02-01 14:30:00+01:00,2026-02-01 14:45:00+01:00,2026-02-01,14.0,1.06891,SEK,SEK/kWh
SE4,2026-02-01 14:45:00+01:00,2026-02-01 15:00:00+01:00,2026-02-01,14.0,1.07896,SEK,SEK/kWh
SE4,2026-02-01 15:00:00+01:00,2026-02-01 15:15:00+01:00,2026-02-01,15.0,1.07166,SEK,SEK/kWh
SE4,2026-02-01 15:15:00+01:00,2026-02-01 15:30:00+01:00,2026-02-01,15.0,1.12022,SEK,SEK/kWh
SE4,2026-02-01 15:30:00+01:00,2026-02-01 15:45:00+01:00,2026-02-01,15.0,1.15185,SEK,SEK/kWh
SE4,2026-02-01 15:45:00+01:00,2026-02-01 16:00:00+01:00,2026-02-01,15.0,1.1728,SEK,SEK/kWh
SE4,2026-02-01 16:00:00+01:00,2026-02-01 16:15:00+01:00,2026-02-01,16.0,1.12181,SEK,SEK/kWh
SE4,2026-02-01 16:15:00+01:00,2026-02-01 16:30:00+01:00,2026-02-01,16.0,1.16275,SEK,SEK/kWh
SE4,2026-02-01 16:30:00+01:00,2026-02-01 16:45:00+01:00,2026-02-01,16.0,1.20772,SEK,SEK/kWh
SE4,2026-02-01 16:45:00+01:00,2026-02-01 17:00:00+01:00,2026-02-01,16.0,1.29141,SEK,SEK/kWh
SE4,2026-02-01 17:00:00+01:00,2026-02-01 17:15:00+01:00,2026-02-01,17.0,1.27807,SEK,SEK/kWh
SE4,2026-02-01 17:15:00+01:00,2026-02-01 17:30:00+01:00,2026-02-01,17.0,1.27437,SEK,SEK/kWh
SE4,2026-02-01 17:30:00+01:00,2026-02-01 17:45:00+01:00,2026-02-01,17.0,1.30527,SEK,SEK/kWh
SE4,2026-02-01 17:45:00+01:00,2026-02-01 18:00:00+01:00,2026-02-01,17.0,1.33489,SEK,SEK/kWh
SE4,2026-02-01 18:00:00+01:00,2026-02-01 18:15:00+01:00,2026-02-01,18.0,1.30273,SEK,SEK/kWh
SE4,2026-02-01 18:15:00+01:00,2026-02-01 18:30:00+01:00,2026-02-01,18.0,1.31119,SEK,SEK/kWh
SE4,2026-02-01 18:30:00+01:00,2026-02-01 18:45:00+01:00,2026-02-01,18.0,1.35161,SEK,SEK/kWh
SE4,2026-02-01 18:45:00+01:00,2026-02-01 19:00:00+01:00,2026-02-01,18.0,1.33531,SEK,SEK/kWh
SE4,2026-02-01 19:00:00+01:00,2026-02-01 19:15:00+01:00,2026-02-01,19.0,1.25564,SEK,SEK/kWh
SE4,2026-02-01 19:15:00+01:00,2026-02-01 19:30:00+01:00,2026-02-01,19.0,1.22729,SEK,SEK/kWh
SE4,2026-02-01 19:30:00+01:00,2026-02-01 19:45:00+01:00,2026-02-01,19.0,1.21671,SEK,SEK/kWh
SE4,2026-02-01 19:45:00+01:00,2026-02-01 20:00:00+01:00,2026-02-01,19.0,1.14159,SEK,SEK/kWh
SE4,2026-02-01 20:00:00+01:00,2026-02-01 20:15:00+01:00,2026-02-01,20.0,1.16942,SEK,SEK/kWh
SE4,2026-02-01 20:15:00+01:00,2026-02-01 20:30:00+01:00,2026-02-01,20.0,1.13736,SEK,SEK/kWh
SE4,2026-02-01 20:30:00+01:00,2026-02-01 20:45:00+01:00,2026-02-01,20.0,1.09208,SEK,SEK/kWh
SE4,2026-02-01 20:45:00+01:00,2026-02-01 21:00:00+01:00,2026-02-01,20.0,1.05071,SEK,SEK/kWh
SE4,2026-02-01 21:00:00+01:00,2026-02-01 21:15:00+01:00,2026-02-01,21.0,1.17291,SEK,SEK/kWh
SE4,2026-02-01 21:15:00+01:00,2026-02-01 21:30:00+01:00,2026-02-01,21.0,1.18836,SEK,SEK/kWh
SE4,2026-02-01 21:30:00+01:00,2026-02-01 21:45:00+01:00,2026-02-01,21.0,1.13524,SEK,SEK/kWh
SE4,2026-02-01 21:45:00+01:00,2026-02-01 22:00:00+01:00,2026-02-01,21.0,1.06192,SEK,SEK/kWh
SE4,2026-02-01 22:00:00+01:00,2026-02-01 22:15:00+01:00,2026-02-01,22.0,1.16688,SEK,SEK/kWh
SE4,2026-02-01 22:15:00+01:00,2026-02-01 22:30:00+01:00,2026-02-01,22.0,1.10382,SEK,SEK/kWh
SE4,2026-02-01 22:30:00+01:00,2026-02-01 22:45:00+01:00,2026-02-01,22.0,1.06795,SEK,SEK/kWh
SE4,2026-02-01 22:45:00+01:00,2026-02-01 23:00:00+01:00,2026-02-01,22.0,1.01273,SEK,SEK/kWh
SE4,2026-02-01 23:00:00+01:00,2026-02-01 23:15:00+01:00,2026-02-01,23.0,1.0907,SEK,SEK/kWh
SE4,2026-02-01 23:15:00+01:00,2026-02-01 23:30:00+01:00,2026-02-01,23.0,1.02574,SEK,SEK/kWh
SE4,2026-02-01 23:30:00+01:00,2026-02-01 23:45:00+01:00,2026-02-01,23.0,0.99083,SEK,SEK/kWh
SE4,2026-02-01 23:45:00+01:00,2026-02-02 00:00:00+01:00,2026-02-01,23.0,0.94914,SEK,SEK/kWh
SE4,2026-02-02 00:00:00+01:00,2026-02-02 00:15:00+01:00,2026-02-02,0.0,0.93708,SEK,SEK/kWh
SE4,2026-02-02 00:15:00+01:00,2026-02-02 00:30:00+01:00,2026-02-02,0.0,0.96713,SEK,SEK/kWh
SE4,2026-02-02 00:30:00+01:00,2026-02-02 00:45:00+01:00,2026-02-02,0.0,0.95866,SEK,SEK/kWh
SE4,2026-02-02 00:45:00+01:00,2026-02-02 01:00:00+01:00,2026-02-02,0.0,0.91158,SEK,SEK/kWh
SE4,2026-02-02 01:00:00+01:00,2026-02-02 01:15:00+01:00,2026-02-02,1.0,0.85582,SEK,SEK/kWh
SE4,2026-02-02 01:15:00+01:00,2026-02-02 01:30:00+01:00,2026-02-02,1.0,0.84069,SEK,SEK/kWh
SE4,2026-02-02 01:30:00+01:00,2026-02-02 01:45:00+01:00,2026-02-02,1.0,0.94681,SEK,SEK/kWh
SE4,2026-02-02 01:45:00+01:00,2026-02-02 02:00:00+01:00,2026-02-02,1.0,0.93496,SEK,SEK/kWh
SE4,2026-02-02 02:00:00+01:00,2026-02-02 02:15:00+01:00,2026-02-02,2.0,0.77552,SEK,SEK/kWh
SE4,2026-02-02 02:15:00+01:00,2026-02-02 02:30:00+01:00,2026-02-02,2.0,0.88735,SEK,SEK/kWh
SE4,2026-02-02 02:30:00+01:00,2026-02-02 02:45:00+01:00,2026-02-02,2.0,0.89825,SEK,SEK/kWh
SE4,2026-02-02 02:45:00+01:00,2026-02-02 03:00:00+01:00,2026-02-02,2.0,0.89624,SEK,SEK/kWh
SE4,2026-02-02 03:00:00+01:00,2026-02-02 03:15:00+01:00,2026-02-02,3.0,0.87021,SEK,SEK/kWh
SE4,2026-02-02 03:15:00+01:00,2026-02-02 03:30:00+01:00,2026-02-02,3.0,0.88926,SEK,SEK/kWh
SE4,2026-02-02 03:30:00+01:00,2026-02-02 03:45:00+01:00,2026-02-02,3.0,0.89719,SEK,SEK/kWh
SE4,2026-02-02 03:45:00+01:00,2026-02-02 04:00:00+01:00,2026-02-02,3.0,0.89529,SEK,SEK/kWh
SE4,2026-02-02 04:00:00+01:00,2026-02-02 04:15:00+01:00,2026-02-02,4.0,0.93835,SEK,SEK/kWh
SE4,2026-02-02 04:15:00+01:00,2026-02-02 04:30:00+01:00,2026-02-02,4.0,0.94639,SEK,SEK/kWh
SE4,2026-02-02 04:30:00+01:00,2026-02-02 04:45:00+01:00,2026-02-02,4.0,0.9503,SEK,SEK/kWh
SE4,2026-02-02 04:45:00+01:00,2026-02-02 05:00:00+01:00,2026-02-02,4.0,0.952,SEK,SEK/kWh
SE4,2026-02-02 05:00:00+01:00,2026-02-02 05:15:00+01:00,2026-02-02,5.0,0.97834,SEK,SEK/kWh
SE4,2026-02-02 05:15:00+01:00,2026-02-02 05:30:00+01:00,2026-02-02,5.0,0.93496,SEK,SEK/kWh
SE4,2026-02-02 05:30:00+01:00,2026-02-02 05:45:00+01:00,2026-02-02,5.0,0.98977,SEK,SEK/kWh
SE4,2026-02-02 05:45:00+01:00,2026-02-02 06:00:00+01:00,2026-02-02,5.0,1.00976,SEK,SEK/kWh
SE4,2026-02-02 06:00:00+01:00,2026-02-02 06:15:00+01:00,2026-02-02,6.0,0.97358,SEK,SEK/kWh
SE4,2026-02-02 06:15:00+01:00,2026-02-02 06:30:00+01:00,2026-02-02,6.0,1.09715,SEK,SEK/kWh
SE4,2026-02-02 06:30:00+01:00,2026-02-02 06:45:00+01:00,2026-02-02,6.0,1.20444,SEK,SEK/kWh
SE4,2026-02-02 06:45:00+01:00,2026-02-02 07:00:00+01:00,2026-02-02,6.0,1.28813,SEK,SEK/kWh
SE4,2026-02-02 07:00:00+01:00,2026-02-02 07:15:00+01:00,2026-02-02,7.0,1.1983,SEK,SEK/kWh
SE4,2026-02-02 07:15:00+01:00,2026-02-02 07:30:00+01:00,2026-02-02,7.0,1.26622,SEK,SEK/kWh
SE4,2026-02-02 07:30:00+01:00,2026-02-02 07:45:00+01:00,2026-02-02,7.0,1.41995,SEK,SEK/kWh
SE4,2026-02-02 07:45:00+01:00,2026-02-02 08:00:00+01:00,2026-02-02,7.0,1.41868,SEK,SEK/kWh
SE4,2026-02-02 08:00:00+01:00,2026-02-02 08:15:00+01:00,2026-02-02,8.0,1.4773,SEK,SEK/kWh
SE4,2026-02-02 08:15:00+01:00,2026-02-02 08:30:00+01:00,2026-02-02,8.0,1.56829,SEK,SEK/kWh
SE4,2026-02-02 08:30:00+01:00,2026-02-02 08:45:00+01:00,2026-02-02,8.0,1.56871,SEK,SEK/kWh
SE4,2026-02-02 08:45:00+01:00,2026-02-02 09:00:00+01:00,2026-02-02,8.0,1.53983,SEK,SEK/kWh
SE4,2026-02-02 09:00:00+01:00,2026-02-02 09:15:00+01:00,2026-02-02,9.0,1.67716,SEK,SEK/kWh
SE4,2026-02-02 09:15:00+01:00,2026-02-02 09:30:00+01:00,2026-02-02,9.0,1.55083,SEK,SEK/kWh
SE4,2026-02-02 09:30:00+01:00,2026-02-02 09:45:00+01:00,2026-02-02,9.0,1.47761,SEK,SEK/kWh
SE4,2026-02-02 09:45:00+01:00,2026-02-02 10:00:00+01:00,2026-02-02,9.0,1.3879,SEK,SEK/kWh
SE4,2026-02-02 10:00:00+01:00,2026-02-02 10:15:00+01:00,2026-02-02,10.0,1.40779,SEK,SEK/kWh
SE4,2026-02-02 10:15:00+01:00,2026-02-02 10:30:00+01:00,2026-02-02,10.0,1.37023,SEK,SEK/kWh
SE4,2026-02-02 10:30:00+01:00,2026-02-02 10:45:00+01:00,2026-02-02,10.0,1.29543,SEK,SEK/kWh
SE4,2026-02-02 10:45:00+01:00,2026-02-02 11:00:00+01:00,2026-02-02,10.0,1.20147,SEK,SEK/kWh
SE4,2026-02-02 11:00:00+01:00,2026-02-02 11:15:00+01:00,2026-02-02,11.0,1.31341,SEK,SEK/kWh
SE4,2026-02-02 11:15:00+01:00,2026-02-02 11:30:00+01:00,2026-02-02,11.0,1.24041,SEK,SEK/kWh
SE4,2026-02-02 11:30:00+01:00,2026-02-02 11:45:00+01:00,2026-02-02,11.0,1.18687,SEK,SEK/kWh
SE4,2026-02-02 11:45:00+01:00,2026-02-02 12:00:00+01:00,2026-02-02,11.0,1.16074,SEK,SEK/kWh
SE4,2026-02-02 12:00:00+01:00,2026-02-02 12:15:00+01:00,2026-02-02,12.0,1.19354,SEK,SEK/kWh
SE4,2026-02-02 12:15:00+01:00,2026-02-02 12:30:00+01:00,2026-02-02,12.0,1.16307,SEK,SEK/kWh
SE4,2026-02-02 12:30:00+01:00,2026-02-02 12:45:00+01:00,2026-02-02,12.0,1.17915,SEK,SEK/kWh
SE4,2026-02-02 12:45:00+01:00,2026-02-02 13:00:00+01:00,2026-02-02,12.0,1.16212,SEK,SEK/kWh
SE4,2026-02-02 13:00:00+01:00,2026-02-02 13:15:00+01:00,2026-02-02,13.0,1.13905,SEK,SEK/kWh
SE4,2026-02-02 13:15:00+01:00,2026-02-02 13:30:00+01:00,2026-02-02,13.0,1.12847,SEK,SEK/kWh
SE4,2026-02-02 13:30:00+01:00,2026-02-02 13:45:00+01:00,2026-02-02,13.0,1.12128,SEK,SEK/kWh
SE4,2026-02-02 13:45:00+01:00,2026-02-02 14:00:00+01:00,2026-02-02,13.0,1.11906,SEK,SEK/kWh
SE4,2026-02-02 14:00:00+01:00,2026-02-02 14:15:00+01:00,2026-02-02,14.0,1.10001,SEK,SEK/kWh
SE4,2026-02-02 14:15:00+01:00,2026-02-02 14:30:00+01:00,2026-02-02,14.0,1.1053,SEK,SEK/kWh
SE4,2026-02-02 14:30:00+01:00,2026-02-02 14:45:00+01:00,2026-02-02,14.0,1.12117,SEK,SEK/kWh
SE4,2026-02-02 14:45:00+01:00,2026-02-02 15:00:00+01:00,2026-02-02,14.0,1.1344,SEK,SEK/kWh
SE4,2026-02-02 15:00:00+01:00,2026-02-02 15:15:00+01:00,2026-02-02,15.0,1.09948,SEK,SEK/kWh
SE4,2026-02-02 15:15:00+01:00,2026-02-02 15:30:00+01:00,2026-02-02,15.0,1.12128,SEK,SEK/kWh
SE4,2026-02-02 15:30:00+01:00,2026-02-02 15:45:00+01:00,2026-02-02,15.0,1.13535,SEK,SEK/kWh
SE4,2026-02-02 15:45:00+01:00,2026-02-02 16:00:00+01:00,2026-02-02,15.0,1.16995,SEK,SEK/kWh
SE4,2026-02-02 16:00:00+01:00,2026-02-02 16:15:00+01:00,2026-02-02,16.0,1.12604,SEK,SEK/kWh
SE4,2026-02-02 16:15:00+01:00,2026-02-02 16:30:00+01:00,2026-02-02,16.0,1.16296,SEK,SEK/kWh
SE4,2026-02-02 16:30:00+01:00,2026-02-02 16:45:00+01:00,2026-02-02,16.0,1.2183,SEK,SEK/kWh
SE4,2026-02-02 16:45:00+01:00,2026-02-02 17:00:00+01:00,2026-02-02,16.0,1.25279,SEK,SEK/kWh
SE4,2026-02-02 17:00:00+01:00,2026-02-02 17:15:00+01:00,2026-02-02,17.0,1.20518,SEK,SEK/kWh
SE4,2026-02-02 17:15:00+01:00,2026-02-02 17:30:00+01:00,2026-02-02,17.0,1.27606,SEK,SEK/kWh
SE4,2026-02-02 17:30:00+01:00,2026-02-02 17:45:00+01:00,2026-02-02,17.0,1.36356,SEK,SEK/kWh
SE4,2026-02-02 17:45:00+01:00,2026-02-02 18:00:00+01:00,2026-02-02,17.0,1.31722,SEK,SEK/kWh
SE4,2026-02-02 18:00:00+01:00,2026-02-02 18:15:00+01:00,2026-02-02,18.0,1.34007,SEK,SEK/kWh
SE4,2026-02-02 18:15:00+01:00,2026-02-02 18:30:00+01:00,2026-02-02,18.0,1.27786,SEK,SEK/kWh
SE4,2026-02-02 18:30:00+01:00,2026-02-02 18:45:00+01:00,2026-02-02,18.0,1.29014,SEK,SEK/kWh
SE4,2026-02-02 18:45:00+01:00,2026-02-02 19:00:00+01:00,2026-02-02,18.0,1.2585,SEK,SEK/kWh
SE4,2026-02-02 19:00:00+01:00,2026-02-02 19:15:00+01:00,2026-02-02,19.0,1.14678,SEK,SEK/kWh
SE4,2026-02-02 19:15:00+01:00,2026-02-02 19:30:00+01:00,2026-02-02,19.0,1.14043,SEK,SEK/kWh
SE4,2026-02-02 19:30:00+01:00,2026-02-02 19:45:00+01:00,2026-02-02,19.0,1.14022,SEK,SEK/kWh
SE4,2026-02-02 19:45:00+01:00,2026-02-02 20:00:00+01:00,2026-02-02,19.0,1.10922,SEK,SEK/kWh
SE4,2026-02-02 20:00:00+01:00,2026-02-02 20:15:00+01:00,2026-02-02,20.0,1.15122,SEK,SEK/kWh
SE4,2026-02-02 20:15:00+01:00,2026-02-02 20:30:00+01:00,2026-02-02,20.0,1.12149,SEK,SEK/kWh
SE4,2026-02-02 20:30:00+01:00,2026-02-02 20:45:00+01:00,2026-02-02,20.0,1.09409,SEK,SEK/kWh
SE4,2026-02-02 20:45:00+01:00,2026-02-02 21:00:00+01:00,2026-02-02,20.0,1.08255,SEK,SEK/kWh
SE4,2026-02-02 21:00:00+01:00,2026-02-02 21:15:00+01:00,2026-02-02,21.0,1.12202,SEK,SEK/kWh
SE4,2026-02-02 21:15:00+01:00,2026-02-02 21:30:00+01:00,2026-02-02,21.0,1.09715,SEK,SEK/kWh
SE4,2026-02-02 21:30:00+01:00,2026-02-02 21:45:00+01:00,2026-02-02,21.0,1.07695,SEK,SEK/kWh
SE4,2026-02-02 21:45:00+01:00,2026-02-02 22:00:00+01:00,2026-02-02,21.0,1.05081,SEK,SEK/kWh
SE4,2026-02-02 22:00:00+01:00,2026-02-02 22:15:00+01:00,2026-02-02,22.0,1.09345,SEK,SEK/kWh
SE4,2026-02-02 22:15:00+01:00,2026-02-02 22:30:00+01:00,2026-02-02,22.0,1.07123,SEK,SEK/kWh
SE4,2026-02-02 22:30:00+01:00,2026-02-02 22:45:00+01:00,2026-02-02,22.0,1.06541,SEK,SEK/kWh
SE4,2026-02-02 22:45:00+01:00,2026-02-02 23:00:00+01:00,2026-02-02,22.0,1.04669,SEK,SEK/kWh
SE4,2026-02-02 23:00:00+01:00,2026-02-02 23:15:00+01:00,2026-02-02,23.0,1.05991,SEK,SEK/kWh
SE4,2026-02-02 23:15:00+01:00,2026-02-02 23:30:00+01:00,2026-02-02,23.0,0.994,SEK,SEK/kWh
SE4,2026-02-02 23:30:00+01:00,2026-02-02 23:45:00+01:00,2026-02-02,23.0,0.97972,SEK,SEK/kWh
SE4,2026-02-02 23:45:00+01:00,2026-02-03 00:00:00+01:00,2026-02-02,23.0,0.92766,SEK,SEK/kWh
SE4,2026-02-03 00:00:00+01:00,2026-02-03 00:15:00+01:00,2026-02-03,0.0,1.06023,SEK,SEK/kWh
SE4,2026-02-03 00:15:00+01:00,2026-02-03 00:30:00+01:00,2026-02-03,0.0,1.04721,SEK,SEK/kWh
SE4,2026-02-03 00:30:00+01:00,2026-02-03 00:45:00+01:00,2026-02-03,0.0,1.03155,SEK,SEK/kWh
SE4,2026-02-03 00:45:00+01:00,2026-02-03 01:00:00+01:00,2026-02-03,0.0,1.018,SEK,SEK/kWh
SE4,2026-02-03 01:00:00+01:00,2026-02-03 01:15:00+01:00,2026-02-03,1.0,1.0289,SEK,SEK/kWh
SE4,2026-02-03 01:15:00+01:00,2026-02-03 01:30:00+01:00,2026-02-03,1.0,1.01599,SEK,SEK/kWh
SE4,2026-02-03 01:30:00+01:00,2026-02-03 01:45:00+01:00,2026-02-03,1.0,1.0181,SEK,SEK/kWh
SE4,2026-02-03 01:45:00+01:00,2026-02-03 02:00:00+01:00,2026-02-03,1.0,1.01281,SEK,SEK/kWh
SE4,2026-02-03 02:00:00+01:00,2026-02-03 02:15:00+01:00,2026-02-03,2.0,1.01705,SEK,SEK/kWh
SE4,2026-02-03 02:15:00+01:00,2026-02-03 02:30:00+01:00,2026-02-03,2.0,1.00202,SEK,SEK/kWh
SE4,2026-02-03 02:30:00+01:00,2026-02-03 02:45:00+01:00,2026-02-03,2.0,0.98974,SEK,SEK/kWh
SE4,2026-02-03 02:45:00+01:00,2026-02-03 03:00:00+01:00,2026-02-03,2.0,0.97651,SEK,SEK/kWh
SE4,2026-02-03 03:00:00+01:00,2026-02-03 03:15:00+01:00,2026-02-03,3.0,0.99461,SEK,SEK/kWh
SE4,2026-02-03 03:15:00+01:00,2026-02-03 03:30:00+01:00,2026-02-03,3.0,0.98456,SEK,SEK/kWh
SE4,2026-02-03 03:30:00+01:00,2026-02-03 03:45:00+01:00,2026-02-03,3.0,0.98106,SEK,SEK/kWh
SE4,2026-02-03 03:45:00+01:00,2026-02-03 04:00:00+01:00,2026-02-03,3.0,0.97291,SEK,SEK/kWh
SE4,2026-02-03 04:00:00+01:00,2026-02-03 04:15:00+01:00,2026-02-03,4.0,0.96963,SEK,SEK/kWh
SE4,2026-02-03 04:15:00+01:00,2026-02-03 04:30:00+01:00,2026-02-03,4.0,0.96731,SEK,SEK/kWh
SE4,2026-02-03 04:30:00+01:00,2026-02-03 04:45:00+01:00,2026-02-03,4.0,0.98329,SEK,SEK/kWh
SE4,2026-02-03 04:45:00+01:00,2026-02-03 05:00:00+01:00,2026-02-03,4.0,0.98392,SEK,SEK/kWh
SE4,2026-02-03 05:00:00+01:00,2026-02-03 05:15:00+01:00,2026-02-03,5.0,0.97545,SEK,SEK/kWh
SE4,2026-02-03 05:15:00+01:00,2026-02-03 05:30:00+01:00,2026-02-03,5.0,0.99461,SEK,SEK/kWh
SE4,2026-02-03 05:30:00+01:00,2026-02-03 05:45:00+01:00,2026-02-03,5.0,1.047,SEK,SEK/kWh
SE4,2026-02-03 05:45:00+01:00,2026-02-03 06:00:00+01:00,2026-02-03,5.0,1.11685,SEK,SEK/kWh
SE4,2026-02-03 06:00:00+01:00,2026-02-03 06:15:00+01:00,2026-02-03,6.0,1.10044,SEK,SEK/kWh
SE4,2026-02-03 06:15:00+01:00,2026-02-03 06:30:00+01:00,2026-02-03,6.0,1.16151,SEK,SEK/kWh
SE4,2026-02-03 06:30:00+01:00,2026-02-03 06:45:00+01:00,2026-02-03,6.0,1.21845,SEK,SEK/kWh
SE4,2026-02-03 06:45:00+01:00,2026-02-03 07:00:00+01:00,2026-02-03,6.0,1.27422,SEK,SEK/kWh
SE4,2026-02-03 07:00:00+01:00,2026-02-03 07:15:00+01:00,2026-02-03,7.0,1.29433,SEK,SEK/kWh
SE4,2026-02-03 07:15:00+01:00,2026-02-03 07:30:00+01:00,2026-02-03,7.0,1.3664,SEK,SEK/kWh
SE4,2026-02-03 07:30:00+01:00,2026-02-03 07:45:00+01:00,2026-02-03,7.0,1.42006,SEK,SEK/kWh
SE4,2026-02-03 07:45:00+01:00,2026-02-03 08:00:00+01:00,2026-02-03,7.0,1.46271,SEK,SEK/kWh
SE4,2026-02-03 08:00:00+01:00,2026-02-03 08:15:00+01:00,2026-02-03,8.0,2.10532,SEK,SEK/kWh
SE4,2026-02-03 08:15:00+01:00,2026-02-03 08:30:00+01:00,2026-02-03,8.0,2.10617,SEK,SEK/kWh
SE4,2026-02-03 08:30:00+01:00,2026-02-03 08:45:00+01:00,2026-02-03,8.0,2.03462,SEK,SEK/kWh
SE4,2026-02-03 08:45:00+01:00,2026-02-03 09:00:00+01:00,2026-02-03,8.0,1.98149,SEK,SEK/kWh
SE4,2026-02-03 09:00:00+01:00,2026-02-03 09:15:00+01:00,2026-02-03,9.0,1.72104,SEK,SEK/kWh
SE4,2026-02-03 09:15:00+01:00,2026-02-03 09:30:00+01:00,2026-02-03,9.0,1.58685,SEK,SEK/kWh
SE4,2026-02-03 09:30:00+01:00,2026-02-03 09:45:00+01:00,2026-02-03,9.0,1.50356,SEK,SEK/kWh
SE4,2026-02-03 09:45:00+01:00,2026-02-03 10:00:00+01:00,2026-02-03,9.0,1.44747,SEK,SEK/kWh
SE4,2026-02-03 10:00:00+01:00,2026-02-03 10:15:00+01:00,2026-02-03,10.0,1.36047,SEK,SEK/kWh
SE4,2026-02-03 10:15:00+01:00,2026-02-03 10:30:00+01:00,2026-02-03,10.0,1.31676,SEK,SEK/kWh
SE4,2026-02-03 10:30:00+01:00,2026-02-03 10:45:00+01:00,2026-02-03,10.0,1.28332,SEK,SEK/kWh
SE4,2026-02-03 10:45:00+01:00,2026-02-03 11:00:00+01:00,2026-02-03,10.0,1.21919,SEK,SEK/kWh
SE4,2026-02-03 11:00:00+01:00,2026-02-03 11:15:00+01:00,2026-02-03,11.0,1.28078,SEK,SEK/kWh
SE4,2026-02-03 11:15:00+01:00,2026-02-03 11:30:00+01:00,2026-02-03,11.0,1.21728,SEK,SEK/kWh
SE4,2026-02-03 11:30:00+01:00,2026-02-03 11:45:00+01:00,2026-02-03,11.0,1.19813,SEK,SEK/kWh
SE4,2026-02-03 11:45:00+01:00,2026-02-03 12:00:00+01:00,2026-02-03,11.0,1.14775,SEK,SEK/kWh
SE4,2026-02-03 12:00:00+01:00,2026-02-03 12:15:00+01:00,2026-02-03,12.0,1.21114,SEK,SEK/kWh
SE4,2026-02-03 12:15:00+01:00,2026-02-03 12:30:00+01:00,2026-02-03,12.0,1.19918,SEK,SEK/kWh
SE4,2026-02-03 12:30:00+01:00,2026-02-03 12:45:00+01:00,2026-02-03,12.0,1.1795,SEK,SEK/kWh
SE4,2026-02-03 12:45:00+01:00,2026-02-03 13:00:00+01:00,2026-02-03,12.0,1.16384,SEK,SEK/kWh
SE4,2026-02-03 13:00:00+01:00,2026-02-03 13:15:00+01:00,2026-02-03,13.0,1.16902,SEK,SEK/kWh
SE4,2026-02-03 13:15:00+01:00,2026-02-03 13:30:00+01:00,2026-02-03,13.0,1.19072,SEK,SEK/kWh
SE4,2026-02-03 13:30:00+01:00,2026-02-03 13:45:00+01:00,2026-02-03,13.0,1.19865,SEK,SEK/kWh
SE4,2026-02-03 13:45:00+01:00,2026-02-03 14:00:00+01:00,2026-02-03,13.0,1.19844,SEK,SEK/kWh
SE4,2026-02-03 14:00:00+01:00,2026-02-03 14:15:00+01:00,2026-02-03,14.0,1.16373,SEK,SEK/kWh
SE4,2026-02-03 14:15:00+01:00,2026-02-03 14:30:00+01:00,2026-02-03,14.0,1.18638,SEK,SEK/kWh
SE4,2026-02-03 14:30:00+01:00,2026-02-03 14:45:00+01:00,2026-02-03,14.0,1.19357,SEK,SEK/kWh
SE4,2026-02-03 14:45:00+01:00,2026-02-03 15:00:00+01:00,2026-02-03,14.0,1.21823,SEK,SEK/kWh
SE4,2026-02-03 15:00:00+01:00,2026-02-03 15:15:00+01:00,2026-02-03,15.0,1.16341,SEK,SEK/kWh
SE4,2026-02-03 15:15:00+01:00,2026-02-03 15:30:00+01:00,2026-02-03,15.0,1.18035,SEK,SEK/kWh
SE4,2026-02-03 15:30:00+01:00,2026-02-03 15:45:00+01:00,2026-02-03,15.0,1.20776,SEK,SEK/kWh
SE4,2026-02-03 15:45:00+01:00,2026-02-03 16:00:00+01:00,2026-02-03,15.0,1.22702,SEK,SEK/kWh
SE4,2026-02-03 16:00:00+01:00,2026-02-03 16:15:00+01:00,2026-02-03,16.0,1.22575,SEK,SEK/kWh
SE4,2026-02-03 16:15:00+01:00,2026-02-03 16:30:00+01:00,2026-02-03,16.0,1.23326,SEK,SEK/kWh
SE4,2026-02-03 16:30:00+01:00,2026-02-03 16:45:00+01:00,2026-02-03,16.0,1.26924,SEK,SEK/kWh
SE4,2026-02-03 16:45:00+01:00,2026-02-03 17:00:00+01:00,2026-02-03,16.0,1.27432,SEK,SEK/kWh
SE4,2026-02-03 17:00:00+01:00,2026-02-03 17:15:00+01:00,2026-02-03,17.0,1.43212,SEK,SEK/kWh
SE4,2026-02-03 17:15:00+01:00,2026-02-03 17:30:00+01:00,2026-02-03,17.0,1.43191,SEK,SEK/kWh
SE4,2026-02-03 17:30:00+01:00,2026-02-03 17:45:00+01:00,2026-02-03,17.0,1.47541,SEK,SEK/kWh
SE4,2026-02-03 17:45:00+01:00,2026-02-03 18:00:00+01:00,2026-02-03,17.0,1.47731,SEK,SEK/kWh
SE4,2026-02-03 18:00:00+01:00,2026-02-03 18:15:00+01:00,2026-02-03,18.0,1.42619,SEK,SEK/kWh
SE4,2026-02-03 18:15:00+01:00,2026-02-03 18:30:00+01:00,2026-02-03,18.0,1.40111,SEK,SEK/kWh
SE4,2026-02-03 18:30:00+01:00,2026-02-03 18:45:00+01:00,2026-02-03,18.0,1.39402,SEK,SEK/kWh
SE4,2026-02-03 18:45:00+01:00,2026-02-03 19:00:00+01:00,2026-02-03,18.0,1.3973,SEK,SEK/kWh
SE4,2026-02-03 19:00:00+01:00,2026-02-03 19:15:00+01:00,2026-02-03,19.0,1.36195,SEK,SEK/kWh
SE4,2026-02-03 19:15:00+01:00,2026-02-03 19:30:00+01:00,2026-02-03,19.0,1.35603,SEK,SEK/kWh
SE4,2026-02-03 19:30:00+01:00,2026-02-03 19:45:00+01:00,2026-02-03,19.0,1.3446,SEK,SEK/kWh
SE4,2026-02-03 19:45:00+01:00,2026-02-03 20:00:00+01:00,2026-02-03,19.0,1.28152,SEK,SEK/kWh
SE4,2026-02-03 20:00:00+01:00,2026-02-03 20:15:00+01:00,2026-02-03,20.0,1.22564,SEK,SEK/kWh
SE4,2026-02-03 20:15:00+01:00,2026-02-03 20:30:00+01:00,2026-02-03,20.0,1.20162,SEK,SEK/kWh
SE4,2026-02-03 20:30:00+01:00,2026-02-03 20:45:00+01:00,2026-02-03,20.0,1.17294,SEK,SEK/kWh
SE4,2026-02-03 20:45:00+01:00,2026-02-03 21:00:00+01:00,2026-02-03,20.0,1.15092,SEK,SEK/kWh
SE4,2026-02-03 21:00:00+01:00,2026-02-03 21:15:00+01:00,2026-02-03,21.0,1.15071,SEK,SEK/kWh
SE4,2026-02-03 21:15:00+01:00,2026-02-03 21:30:00+01:00,2026-02-03,21.0,1.13664,SEK,SEK/kWh
SE4,2026-02-03 21:30:00+01:00,2026-02-03 21:45:00+01:00,2026-02-03,21.0,1.11155,SEK,SEK/kWh
SE4,2026-02-03 21:45:00+01:00,2026-02-03 22:00:00+01:00,2026-02-03,21.0,1.07462,SEK,SEK/kWh
SE4,2026-02-03 22:00:00+01:00,2026-02-03 22:15:00+01:00,2026-02-03,22.0,1.11473,SEK,SEK/kWh
SE4,2026-02-03 22:15:00+01:00,2026-02-03 22:30:00+01:00,2026-02-03,22.0,1.08086,SEK,SEK/kWh
SE4,2026-02-03 22:30:00+01:00,2026-02-03 22:45:00+01:00,2026-02-03,22.0,1.076,SEK,SEK/kWh
SE4,2026-02-03 22:45:00+01:00,2026-02-03 23:00:00+01:00,2026-02-03,22.0,1.03705,SEK,SEK/kWh
SE4,2026-02-03 23:00:00+01:00,2026-02-03 23:15:00+01:00,2026-02-03,23.0,1.05822,SEK,SEK/kWh
SE4,2026-02-03 23:15:00+01:00,2026-02-03 23:30:00+01:00,2026-02-03,23.0,1.04541,SEK,SEK/kWh
SE4,2026-02-03 23:30:00+01:00,2026-02-03 23:45:00+01:00,2026-02-03,23.0,1.02318,SEK,SEK/kWh
SE4,2026-02-03 23:45:00+01:00,2026-02-04 00:00:00+01:00,2026-02-03,23.0,0.95175,SEK,SEK/kWh
SE4,2026-02-04 00:00:00+01:00,2026-02-04 00:15:00+01:00,2026-02-04,0.0,1.02148,SEK,SEK/kWh
SE4,2026-02-04 00:15:00+01:00,2026-02-04 00:30:00+01:00,2026-02-04,0.0,0.98308,SEK,SEK/kWh
SE4,2026-02-04 00:30:00+01:00,2026-02-04 00:45:00+01:00,2026-02-04,0.0,0.99743,SEK,SEK/kWh
SE4,2026-02-04 00:45:00+01:00,2026-02-04 01:00:00+01:00,2026-02-04,0.0,0.99753,SEK,SEK/kWh
SE4,2026-02-04 01:00:00+01:00,2026-02-04 01:15:00+01:00,2026-02-04,1.0,0.99658,SEK,SEK/kWh
SE4,2026-02-04 01:15:00+01:00,2026-02-04 01:30:00+01:00,2026-02-04,1.0,0.97865,SEK,SEK/kWh
SE4,2026-02-04 01:30:00+01:00,2026-02-04 01:45:00+01:00,2026-02-04,1.0,0.97801,SEK,SEK/kWh
SE4,2026-02-04 01:45:00+01:00,2026-02-04 02:00:00+01:00,2026-02-04,1.0,0.96989,SEK,SEK/kWh
SE4,2026-02-04 02:00:00+01:00,2026-02-04 02:15:00+01:00,2026-02-04,2.0,0.97759,SEK,SEK/kWh
SE4,2026-02-04 02:15:00+01:00,2026-02-04 02:30:00+01:00,2026-02-04,2.0,0.96809,SEK,SEK/kWh
SE4,2026-02-04 02:30:00+01:00,2026-02-04 02:45:00+01:00,2026-02-04,2.0,0.97917,SEK,SEK/kWh
SE4,2026-02-04 02:45:00+01:00,2026-02-04 03:00:00+01:00,2026-02-04,2.0,0.99648,SEK,SEK/kWh
SE4,2026-02-04 03:00:00+01:00,2026-02-04 03:15:00+01:00,2026-02-04,3.0,0.99827,SEK,SEK/kWh
SE4,2026-02-04 03:15:00+01:00,2026-02-04 03:30:00+01:00,2026-02-04,3.0,0.98688,SEK,SEK/kWh
SE4,2026-02-04 03:30:00+01:00,2026-02-04 03:45:00+01:00,2026-02-04,3.0,1.00766,SEK,SEK/kWh
SE4,2026-02-04 03:45:00+01:00,2026-02-04 04:00:00+01:00,2026-02-04,3.0,0.99933,SEK,SEK/kWh
SE4,2026-02-04 04:00:00+01:00,2026-02-04 04:15:00+01:00,2026-02-04,4.0,0.9778,SEK,SEK/kWh
SE4,2026-02-04 04:15:00+01:00,2026-02-04 04:30:00+01:00,2026-02-04,4.0,0.97632,SEK,SEK/kWh
SE4,2026-02-04 04:30:00+01:00,2026-02-04 04:45:00+01:00,2026-02-04,4.0,0.99996,SEK,SEK/kWh
SE4,2026-02-04 04:45:00+01:00,2026-02-04 05:00:00+01:00,2026-02-04,4.0,1.01273,SEK,SEK/kWh
SE4,2026-02-04 05:00:00+01:00,2026-02-04 05:15:00+01:00,2026-02-04,5.0,0.98065,SEK,SEK/kWh
SE4,2026-02-04 05:15:00+01:00,2026-02-04 05:30:00+01:00,2026-02-04,5.0,1.00249,SEK,SEK/kWh
SE4,2026-02-04 05:30:00+01:00,2026-02-04 05:45:00+01:00,2026-02-04,5.0,1.02317,SEK,SEK/kWh
SE4,2026-02-04 05:45:00+01:00,2026-02-04 06:00:00+01:00,2026-02-04,5.0,1.06211,SEK,SEK/kWh
SE4,2026-02-04 06:00:00+01:00,2026-02-04 06:15:00+01:00,2026-02-04,6.0,1.04807,SEK,SEK/kWh
SE4,2026-02-04 06:15:00+01:00,2026-02-04 06:30:00+01:00,2026-02-04,6.0,1.08216,SEK,SEK/kWh
SE4,2026-02-04 06:30:00+01:00,2026-02-04 06:45:00+01:00,2026-02-04,6.0,1.13956,SEK,SEK/kWh
SE4,2026-02-04 06:45:00+01:00,2026-02-04 07:00:00+01:00,2026-02-04,6.0,1.18123,SEK,SEK/kWh
SE4,2026-02-04 07:00:00+01:00,2026-02-04 07:15:00+01:00,2026-02-04,7.0,1.21721,SEK,SEK/kWh
SE4,2026-02-04 07:15:00+01:00,2026-02-04 07:30:00+01:00,2026-02-04,7.0,1.27746,SEK,SEK/kWh
SE4,2026-02-04 07:30:00+01:00,2026-02-04 07:45:00+01:00,2026-02-04,7.0,1.33286,SEK,SEK/kWh
SE4,2026-02-04 07:45:00+01:00,2026-02-04 08:00:00+01:00,2026-02-04,7.0,1.37823,SEK,SEK/kWh
SE4,2026-02-04 08:00:00+01:00,2026-02-04 08:15:00+01:00,2026-02-04,8.0,1.41284,SEK,SEK/kWh
SE4,2026-02-04 08:15:00+01:00,2026-02-04 08:30:00+01:00,2026-02-04,8.0,1.45357,SEK,SEK/kWh
SE4,2026-02-04 08:30:00+01:00,2026-02-04 08:45:00+01:00,2026-02-04,8.0,1.38456,SEK,SEK/kWh
SE4,2026-02-04 08:45:00+01:00,2026-02-04 09:00:00+01:00,2026-02-04,8.0,1.31281,SEK,SEK/kWh
SE4,2026-02-04 09:00:00+01:00,2026-02-04 09:15:00+01:00,2026-02-04,9.0,1.39996,SEK,SEK/kWh
SE4,2026-02-04 09:15:00+01:00,2026-02-04 09:30:00+01:00,2026-02-04,9.0,1.27451,SEK,SEK/kWh
SE4,2026-02-04 09:30:00+01:00,2026-02-04 09:45:00+01:00,2026-02-04,9.0,1.23842,SEK,SEK/kWh
SE4,2026-02-04 09:45:00+01:00,2026-02-04 10:00:00+01:00,2026-02-04,9.0,1.19864,SEK,SEK/kWh
SE4,2026-02-04 10:00:00+01:00,2026-02-04 10:15:00+01:00,2026-02-04,10.0,1.25763,SEK,SEK/kWh
SE4,2026-02-04 10:15:00+01:00,2026-02-04 10:30:00+01:00,2026-02-04,10.0,1.20698,SEK,SEK/kWh
SE4,2026-02-04 10:30:00+01:00,2026-02-04 10:45:00+01:00,2026-02-04,10.0,1.14093,SEK,SEK/kWh
SE4,2026-02-04 10:45:00+01:00,2026-02-04 11:00:00+01:00,2026-02-04,10.0,1.12721,SEK,SEK/kWh
SE4,2026-02-04 11:00:00+01:00,2026-02-04 11:15:00+01:00,2026-02-04,11.0,1.16235,SEK,SEK/kWh
SE4,2026-02-04 11:15:00+01:00,2026-02-04 11:30:00+01:00,2026-02-04,11.0,1.16034,SEK,SEK/kWh
SE4,2026-02-04 11:30:00+01:00,2026-02-04 11:45:00+01:00,2026-02-04,11.0,1.15401,SEK,SEK/kWh
SE4,2026-02-04 11:45:00+01:00,2026-02-04 12:00:00+01:00,2026-02-04,11.0,1.13829,SEK,SEK/kWh
SE4,2026-02-04 12:00:00+01:00,2026-02-04 12:15:00+01:00,2026-02-04,12.0,1.07825,SEK,SEK/kWh
SE4,2026-02-04 12:15:00+01:00,2026-02-04 12:30:00+01:00,2026-02-04,12.0,1.06264,SEK,SEK/kWh
SE4,2026-02-04 12:30:00+01:00,2026-02-04 12:45:00+01:00,2026-02-04,12.0,1.05124,SEK,SEK/kWh
SE4,2026-02-04 12:45:00+01:00,2026-02-04 13:00:00+01:00,2026-02-04,12.0,1.04987,SEK,SEK/kWh
SE4,2026-02-04 13:00:00+01:00,2026-02-04 13:15:00+01:00,2026-02-04,13.0,1.05071,SEK,SEK/kWh
SE4,2026-02-04 13:15:00+01:00,2026-02-04 13:30:00+01:00,2026-02-04,13.0,1.04628,SEK,SEK/kWh
SE4,2026-02-04 13:30:00+01:00,2026-02-04 13:45:00+01:00,2026-02-04,13.0,1.04533,SEK,SEK/kWh
SE4,2026-02-04 13:45:00+01:00,2026-02-04 14:00:00+01:00,2026-02-04,13.0,1.06158,SEK,SEK/kWh
SE4,2026-02-04 14:00:00+01:00,2026-02-04 14:15:00+01:00,2026-02-04,14.0,1.05409,SEK,SEK/kWh
SE4,2026-02-04 14:15:00+01:00,2026-02-04 14:30:00+01:00,2026-02-04,14.0,1.05841,SEK,SEK/kWh
SE4,2026-02-04 14:30:00+01:00,2026-02-04 14:45:00+01:00,2026-02-04,14.0,1.06854,SEK,SEK/kWh
SE4,2026-02-04 14:45:00+01:00,2026-02-04 15:00:00+01:00,2026-02-04,14.0,1.08743,SEK,SEK/kWh
SE4,2026-02-04 15:00:00+01:00,2026-02-04 15:15:00+01:00,2026-02-04,15.0,1.05472,SEK,SEK/kWh
SE4,2026-02-04 15:15:00+01:00,2026-02-04 15:30:00+01:00,2026-02-04,15.0,1.08711,SEK,SEK/kWh
SE4,2026-02-04 15:30:00+01:00,2026-02-04 15:45:00+01:00,2026-02-04,15.0,1.11318,SEK,SEK/kWh
SE4,2026-02-04 15:45:00+01:00,2026-02-04 16:00:00+01:00,2026-02-04,15.0,1.13692,SEK,SEK/kWh
SE4,2026-02-04 16:00:00+01:00,2026-02-04 16:15:00+01:00,2026-02-04,16.0,1.11476,SEK,SEK/kWh
SE4,2026-02-04 16:15:00+01:00,2026-02-04 16:30:00+01:00,2026-02-04,16.0,1.15739,SEK,SEK/kWh
SE4,2026-02-04 16:30:00+01:00,2026-02-04 16:45:00+01:00,2026-02-04,16.0,1.24117,SEK,SEK/kWh
SE4,2026-02-04 16:45:00+01:00,2026-02-04 17:00:00+01:00,2026-02-04,16.0,1.34119,SEK,SEK/kWh
SE4,2026-02-04 17:00:00+01:00,2026-02-04 17:15:00+01:00,2026-02-04,17.0,1.3068,SEK,SEK/kWh
SE4,2026-02-04 17:15:00+01:00,2026-02-04 17:30:00+01:00,2026-02-04,17.0,1.36019,SEK,SEK/kWh
SE4,2026-02-04 17:30:00+01:00,2026-02-04 17:45:00+01:00,2026-02-04,17.0,1.42297,SEK,SEK/kWh
SE4,2026-02-04 17:45:00+01:00,2026-02-04 18:00:00+01:00,2026-02-04,17.0,1.4216,SEK,SEK/kWh
SE4,2026-02-04 18:00:00+01:00,2026-02-04 18:15:00+01:00,2026-02-04,18.0,1.38129,SEK,SEK/kWh
SE4,2026-02-04 18:15:00+01:00,2026-02-04 18:30:00+01:00,2026-02-04,18.0,1.33286,SEK,SEK/kWh
SE4,2026-02-04 18:30:00+01:00,2026-02-04 18:45:00+01:00,2026-02-04,18.0,1.27704,SEK,SEK/kWh
SE4,2026-02-04 18:45:00+01:00,2026-02-04 19:00:00+01:00,2026-02-04,18.0,1.24665,SEK,SEK/kWh
SE4,2026-02-04 19:00:00+01:00,2026-02-04 19:15:00+01:00,2026-02-04,19.0,1.26047,SEK,SEK/kWh
SE4,2026-02-04 19:15:00+01:00,2026-02-04 19:30:00+01:00,2026-02-04,19.0,1.11465,SEK,SEK/kWh
SE4,2026-02-04 19:30:00+01:00,2026-02-04 19:45:00+01:00,2026-02-04,19.0,1.06369,SEK,SEK/kWh
SE4,2026-02-04 19:45:00+01:00,2026-02-04 20:00:00+01:00,2026-02-04,19.0,1.03794,SEK,SEK/kWh
SE4,2026-02-04 20:00:00+01:00,2026-02-04 20:15:00+01:00,2026-02-04,20.0,1.0696,SEK,SEK/kWh
SE4,2026-02-04 20:15:00+01:00,2026-02-04 20:30:00+01:00,2026-02-04,20.0,1.02623,SEK,SEK/kWh
SE4,2026-02-04 20:30:00+01:00,2026-02-04 20:45:00+01:00,2026-02-04,20.0,1.00692,SEK,SEK/kWh
SE4,2026-02-04 20:45:00+01:00,2026-02-04 21:00:00+01:00,2026-02-04,20.0,0.98835,SEK,SEK/kWh
SE4,2026-02-04 21:00:00+01:00,2026-02-04 21:15:00+01:00,2026-02-04,21.0,1.04575,SEK,SEK/kWh
SE4,2026-02-04 21:15:00+01:00,2026-02-04 21:30:00+01:00,2026-02-04,21.0,1.00407,SEK,SEK/kWh
SE4,2026-02-04 21:30:00+01:00,2026-02-04 21:45:00+01:00,2026-02-04,21.0,0.97886,SEK,SEK/kWh
SE4,2026-02-04 21:45:00+01:00,2026-02-04 22:00:00+01:00,2026-02-04,21.0,0.97632,SEK,SEK/kWh
SE4,2026-02-04 22:00:00+01:00,2026-02-04 22:15:00+01:00,2026-02-04,22.0,1.02803,SEK,SEK/kWh
SE4,2026-02-04 22:15:00+01:00,2026-02-04 22:30:00+01:00,2026-02-04,22.0,0.99964,SEK,SEK/kWh
SE4,2026-02-04 22:30:00+01:00,2026-02-04 22:45:00+01:00,2026-02-04,22.0,0.98677,SEK,SEK/kWh
SE4,2026-02-04 22:45:00+01:00,2026-02-04 23:00:00+01:00,2026-02-04,22.0,0.91829,SEK,SEK/kWh
SE4,2026-02-04 23:00:00+01:00,2026-02-04 23:15:00+01:00,2026-02-04,23.0,0.97865,SEK,SEK/kWh
SE4,2026-02-04 23:15:00+01:00,2026-02-04 23:30:00+01:00,2026-02-04,23.0,0.92726,SEK,SEK/kWh
SE4,2026-02-04 23:30:00+01:00,2026-02-04 23:45:00+01:00,2026-02-04,23.0,0.89234,SEK,SEK/kWh
SE4,2026-02-04 23:45:00+01:00,2026-02-05 00:00:00+01:00,2026-02-04,23.0,0.83578,SEK,SEK/kWh
SE4,2026-02-05 00:00:00+01:00,2026-02-05 00:15:00+01:00,2026-02-05,0.0,0.98877,SEK,SEK/kWh
SE4,2026-02-05 00:15:00+01:00,2026-02-05 00:30:00+01:00,2026-02-05,0.0,0.96583,SEK,SEK/kWh
SE4,2026-02-05 00:30:00+01:00,2026-02-05 00:45:00+01:00,2026-02-05,0.0,0.9561,SEK,SEK/kWh
SE4,2026-02-05 00:45:00+01:00,2026-02-05 01:00:00+01:00,2026-02-05,0.0,0.9542,SEK,SEK/kWh
SE4,2026-02-05 01:00:00+01:00,2026-02-05 01:15:00+01:00,2026-02-05,1.0,0.96001,SEK,SEK/kWh
SE4,2026-02-05 01:15:00+01:00,2026-02-05 01:30:00+01:00,2026-02-05,1.0,0.95145,SEK,SEK/kWh
SE4,2026-02-05 01:30:00+01:00,2026-02-05 01:45:00+01:00,2026-02-05,1.0,0.94997,SEK,SEK/kWh
SE4,2026-02-05 01:45:00+01:00,2026-02-05 02:00:00+01:00,2026-02-05,1.0,0.91275,SEK,SEK/kWh
SE4,2026-02-05 02:00:00+01:00,2026-02-05 02:15:00+01:00,2026-02-05,2.0,0.92322,SEK,SEK/kWh
SE4,2026-02-05 02:15:00+01:00,2026-02-05 02:30:00+01:00,2026-02-05,2.0,0.91994,SEK,SEK/kWh
SE4,2026-02-05 02:30:00+01:00,2026-02-05 02:45:00+01:00,2026-02-05,2.0,0.93273,SEK,SEK/kWh
SE4,2026-02-05 02:45:00+01:00,2026-02-05 03:00:00+01:00,2026-02-05,2.0,0.921,SEK,SEK/kWh
SE4,2026-02-05 03:00:00+01:00,2026-02-05 03:15:00+01:00,2026-02-05,3.0,0.91412,SEK,SEK/kWh
SE4,2026-02-05 03:15:00+01:00,2026-02-05 03:30:00+01:00,2026-02-05,3.0,0.93125,SEK,SEK/kWh
SE4,2026-02-05 03:30:00+01:00,2026-02-05 03:45:00+01:00,2026-02-05,3.0,0.93115,SEK,SEK/kWh
SE4,2026-02-05 03:45:00+01:00,2026-02-05 04:00:00+01:00,2026-02-05,3.0,0.93136,SEK,SEK/kWh
SE4,2026-02-05 04:00:00+01:00,2026-02-05 04:15:00+01:00,2026-02-05,4.0,0.9229,SEK,SEK/kWh
SE4,2026-02-05 04:15:00+01:00,2026-02-05 04:30:00+01:00,2026-02-05,4.0,0.93929,SEK,SEK/kWh
SE4,2026-02-05 04:30:00+01:00,2026-02-05 04:45:00+01:00,2026-02-05,4.0,0.95187,SEK,SEK/kWh
SE4,2026-02-05 04:45:00+01:00,2026-02-05 05:00:00+01:00,2026-02-05,4.0,0.96794,SEK,SEK/kWh
SE4,2026-02-05 05:00:00+01:00,2026-02-05 05:15:00+01:00,2026-02-05,5.0,0.93189,SEK,SEK/kWh
SE4,2026-02-05 05:15:00+01:00,2026-02-05 05:30:00+01:00,2026-02-05,5.0,0.94796,SEK,SEK/kWh
SE4,2026-02-05 05:30:00+01:00,2026-02-05 05:45:00+01:00,2026-02-05,5.0,0.98232,SEK,SEK/kWh
SE4,2026-02-05 05:45:00+01:00,2026-02-05 06:00:00+01:00,2026-02-05,5.0,1.0263,SEK,SEK/kWh
SE4,2026-02-05 06:00:00+01:00,2026-02-05 06:15:00+01:00,2026-02-05,6.0,0.96075,SEK,SEK/kWh
SE4,2026-02-05 06:15:00+01:00,2026-02-05 06:30:00+01:00,2026-02-05,6.0,1.08329,SEK,SEK/kWh
SE4,2026-02-05 06:30:00+01:00,2026-02-05 06:45:00+01:00,2026-02-05,6.0,1.12019,SEK,SEK/kWh
SE4,2026-02-05 06:45:00+01:00,2026-02-05 07:00:00+01:00,2026-02-05,6.0,1.14461,SEK,SEK/kWh
SE4,2026-02-05 07:00:00+01:00,2026-02-05 07:15:00+01:00,2026-02-05,7.0,1.10274,SEK,SEK/kWh
SE4,2026-02-05 07:15:00+01:00,2026-02-05 07:30:00+01:00,2026-02-05,7.0,1.19229,SEK,SEK/kWh
SE4,2026-02-05 07:30:00+01:00,2026-02-05 07:45:00+01:00,2026-02-05,7.0,1.28586,SEK,SEK/kWh
SE4,2026-02-05 07:45:00+01:00,2026-02-05 08:00:00+01:00,2026-02-05,7.0,1.31653,SEK,SEK/kWh
SE4,2026-02-05 08:00:00+01:00,2026-02-05 08:15:00+01:00,2026-02-05,8.0,1.32805,SEK,SEK/kWh
SE4,2026-02-05 08:15:00+01:00,2026-02-05 08:30:00+01:00,2026-02-05,8.0,1.35744,SEK,SEK/kWh
SE4,2026-02-05 08:30:00+01:00,2026-02-05 08:45:00+01:00,2026-02-05,8.0,1.38261,SEK,SEK/kWh
SE4,2026-02-05 08:45:00+01:00,2026-02-05 09:00:00+01:00,2026-02-05,8.0,1.48062,SEK,SEK/kWh
SE4,2026-02-05 09:00:00+01:00,2026-02-05 09:15:00+01:00,2026-02-05,9.0,1.35744,SEK,SEK/kWh
SE4,2026-02-05 09:15:00+01:00,2026-02-05 09:30:00+01:00,2026-02-05,9.0,1.33207,SEK,SEK/kWh
SE4,2026-02-05 09:30:00+01:00,2026-02-05 09:45:00+01:00,2026-02-05,9.0,1.32012,SEK,SEK/kWh
SE4,2026-02-05 09:45:00+01:00,2026-02-05 10:00:00+01:00,2026-02-05,9.0,1.3474,SEK,SEK/kWh
SE4,2026-02-05 10:00:00+01:00,2026-02-05 10:15:00+01:00,2026-02-05,10.0,1.37563,SEK,SEK/kWh
SE4,2026-02-05 10:15:00+01:00,2026-02-05 10:30:00+01:00,2026-02-05,10.0,1.31526,SEK,SEK/kWh
SE4,2026-02-05 10:30:00+01:00,2026-02-05 10:45:00+01:00,2026-02-05,10.0,1.32604,SEK,SEK/kWh
SE4,2026-02-05 10:45:00+01:00,2026-02-05 11:00:00+01:00,2026-02-05,10.0,1.2829,SEK,SEK/kWh
SE4,2026-02-05 11:00:00+01:00,2026-02-05 11:15:00+01:00,2026-02-05,11.0,1.38916,SEK,SEK/kWh
SE4,2026-02-05 11:15:00+01:00,2026-02-05 11:30:00+01:00,2026-02-05,11.0,1.31674,SEK,SEK/kWh
SE4,2026-02-05 11:30:00+01:00,2026-02-05 11:45:00+01:00,2026-02-05,11.0,1.30109,SEK,SEK/kWh
SE4,2026-02-05 11:45:00+01:00,2026-02-05 12:00:00+01:00,2026-02-05,11.0,1.25996,SEK,SEK/kWh
SE4,2026-02-05 12:00:00+01:00,2026-02-05 12:15:00+01:00,2026-02-05,12.0,1.30817,SEK,SEK/kWh
SE4,2026-02-05 12:15:00+01:00,2026-02-05 12:30:00+01:00,2026-02-05,12.0,1.27191,SEK,SEK/kWh
SE4,2026-02-05 12:30:00+01:00,2026-02-05 12:45:00+01:00,2026-02-05,12.0,1.23903,SEK,SEK/kWh
SE4,2026-02-05 12:45:00+01:00,2026-02-05 13:00:00+01:00,2026-02-05,12.0,1.22941,SEK,SEK/kWh
SE4,2026-02-05 13:00:00+01:00,2026-02-05 13:15:00+01:00,2026-02-05,13.0,1.22666,SEK,SEK/kWh
SE4,2026-02-05 13:15:00+01:00,2026-02-05 13:30:00+01:00,2026-02-05,13.0,1.21524,SEK,SEK/kWh
SE4,2026-02-05 13:30:00+01:00,2026-02-05 13:45:00+01:00,2026-02-05,13.0,1.21122,SEK,SEK/kWh
SE4,2026-02-05 13:45:00+01:00,2026-02-05 14:00:00+01:00,2026-02-05,13.0,1.20646,SEK,SEK/kWh
SE4,2026-02-05 14:00:00+01:00,2026-02-05 14:15:00+01:00,2026-02-05,14.0,1.20022,SEK,SEK/kWh
SE4,2026-02-05 14:15:00+01:00,2026-02-05 14:30:00+01:00,2026-02-05,14.0,1.19113,SEK,SEK/kWh
SE4,2026-02-05 14:30:00+01:00,2026-02-05 14:45:00+01:00,2026-02-05,14.0,1.19684,SEK,SEK/kWh
SE4,2026-02-05 14:45:00+01:00,2026-02-05 15:00:00+01:00,2026-02-05,14.0,1.23575,SEK,SEK/kWh
SE4,2026-02-05 15:00:00+01:00,2026-02-05 15:15:00+01:00,2026-02-05,15.0,1.16703,SEK,SEK/kWh
SE4,2026-02-05 15:15:00+01:00,2026-02-05 15:30:00+01:00,2026-02-05,15.0,1.19695,SEK,SEK/kWh
SE4,2026-02-05 15:30:00+01:00,2026-02-05 15:45:00+01:00,2026-02-05,15.0,1.27127,SEK,SEK/kWh
SE4,2026-02-05 15:45:00+01:00,2026-02-05 16:00:00+01:00,2026-02-05,15.0,1.36505,SEK,SEK/kWh
SE4,2026-02-05 16:00:00+01:00,2026-02-05 16:15:00+01:00,2026-02-05,16.0,1.25658,SEK,SEK/kWh
SE4,2026-02-05 16:15:00+01:00,2026-02-05 16:30:00+01:00,2026-02-05,16.0,1.32012,SEK,SEK/kWh
SE4,2026-02-05 16:30:00+01:00,2026-02-05 16:45:00+01:00,2026-02-05,16.0,1.38969,SEK,SEK/kWh
SE4,2026-02-05 16:45:00+01:00,2026-02-05 17:00:00+01:00,2026-02-05,16.0,1.37573,SEK,SEK/kWh
SE4,2026-02-05 17:00:00+01:00,2026-02-05 17:15:00+01:00,2026-02-05,17.0,1.38113,SEK,SEK/kWh
SE4,2026-02-05 17:15:00+01:00,2026-02-05 17:30:00+01:00,2026-02-05,17.0,1.43293,SEK,SEK/kWh
SE4,2026-02-05 17:30:00+01:00,2026-02-05 17:45:00+01:00,2026-02-05,17.0,1.56541,SEK,SEK/kWh
SE4,2026-02-05 17:45:00+01:00,2026-02-05 18:00:00+01:00,2026-02-05,17.0,1.60083,SEK,SEK/kWh
SE4,2026-02-05 18:00:00+01:00,2026-02-05 18:15:00+01:00,2026-02-05,18.0,1.4858,SEK,SEK/kWh
SE4,2026-02-05 18:15:00+01:00,2026-02-05 18:30:00+01:00,2026-02-05,18.0,1.43135,SEK,SEK/kWh
SE4,2026-02-05 18:30:00+01:00,2026-02-05 18:45:00+01:00,2026-02-05,18.0,1.46042,SEK,SEK/kWh
SE4,2026-02-05 18:45:00+01:00,2026-02-05 19:00:00+01:00,2026-02-05,18.0,1.41358,SEK,SEK/kWh
SE4,2026-02-05 19:00:00+01:00,2026-02-05 19:15:00+01:00,2026-02-05,19.0,1.46634,SEK,SEK/kWh
SE4,2026-02-05 19:15:00+01:00,2026-02-05 19:30:00+01:00,2026-02-05,19.0,1.40745,SEK,SEK/kWh
SE4,2026-02-05 19:30:00+01:00,2026-02-05 19:45:00+01:00,2026-02-05,19.0,1.3733,SEK,SEK/kWh
SE4,2026-02-05 19:45:00+01:00,2026-02-05 20:00:00+01:00,2026-02-05,19.0,1.33175,SEK,SEK/kWh
SE4,2026-02-05 20:00:00+01:00,2026-02-05 20:15:00+01:00,2026-02-05,20.0,1.38324,SEK,SEK/kWh
SE4,2026-02-05 20:15:00+01:00,2026-02-05 20:30:00+01:00,2026-02-05,20.0,1.30405,SEK,SEK/kWh
SE4,2026-02-05 20:30:00+01:00,2026-02-05 20:45:00+01:00,2026-02-05,20.0,1.2385,SEK,SEK/kWh
SE4,2026-02-05 20:45:00+01:00,2026-02-05 21:00:00+01:00,2026-02-05,20.0,1.17062,SEK,SEK/kWh
SE4,2026-02-05 21:00:00+01:00,2026-02-05 21:15:00+01:00,2026-02-05,21.0,1.19938,SEK,SEK/kWh
SE4,2026-02-05 21:15:00+01:00,2026-02-05 21:30:00+01:00,2026-02-05,21.0,1.1537,SEK,SEK/kWh
SE4,2026-02-05 21:30:00+01:00,2026-02-05 21:45:00+01:00,2026-02-05,21.0,1.13203,SEK,SEK/kWh
SE4,2026-02-05 21:45:00+01:00,2026-02-05 22:00:00+01:00,2026-02-05,21.0,1.10063,SEK,SEK/kWh
SE4,2026-02-05 22:00:00+01:00,2026-02-05 22:15:00+01:00,2026-02-05,22.0,1.14535,SEK,SEK/kWh
SE4,2026-02-05 22:15:00+01:00,2026-02-05 22:30:00+01:00,2026-02-05,22.0,1.12664,SEK,SEK/kWh
SE4,2026-02-05 22:30:00+01:00,2026-02-05 22:45:00+01:00,2026-02-05,22.0,1.10232,SEK,SEK/kWh
SE4,2026-02-05 22:45:00+01:00,2026-02-05 23:00:00+01:00,2026-02-05,22.0,1.08435,SEK,SEK/kWh
SE4,2026-02-05 23:00:00+01:00,2026-02-05 23:15:00+01:00,2026-02-05,23.0,1.12114,SEK,SEK/kWh
SE4,2026-02-05 23:15:00+01:00,2026-02-05 23:30:00+01:00,2026-02-05,23.0,1.07219,SEK,SEK/kWh
SE4,2026-02-05 23:30:00+01:00,2026-02-05 23:45:00+01:00,2026-02-05,23.0,1.03846,SEK,SEK/kWh
SE4,2026-02-05 23:45:00+01:00,2026-02-06 00:00:00+01:00,2026-02-05,23.0,0.99004,SEK,SEK/kWh
SE4,2026-02-06 00:00:00+01:00,2026-02-06 00:15:00+01:00,2026-02-06,0.0,1.06811,SEK,SEK/kWh
SE4,2026-02-06 00:15:00+01:00,2026-02-06 00:30:00+01:00,2026-02-06,0.0,1.05186,SEK,SEK/kWh
SE4,2026-02-06 00:30:00+01:00,2026-02-06 00:45:00+01:00,2026-02-06,0.0,1.05133,SEK,SEK/kWh
SE4,2026-02-06 00:45:00+01:00,2026-02-06 01:00:00+01:00,2026-02-06,0.0,1.05547,SEK,SEK/kWh
SE4,2026-02-06 01:00:00+01:00,2026-02-06 01:15:00+01:00,2026-02-06,1.0,1.07534,SEK,SEK/kWh
SE4,2026-02-06 01:15:00+01:00,2026-02-06 01:30:00+01:00,2026-02-06,1.0,1.05664,SEK,SEK/kWh
SE4,2026-02-06 01:30:00+01:00,2026-02-06 01:45:00+01:00,2026-02-06,1.0,1.04484,SEK,SEK/kWh
SE4,2026-02-06 01:45:00+01:00,2026-02-06 02:00:00+01:00,2026-02-06,1.0,1.03783,SEK,SEK/kWh
SE4,2026-02-06 02:00:00+01:00,2026-02-06 02:15:00+01:00,2026-02-06,2.0,1.05026,SEK,SEK/kWh
SE4,2026-02-06 02:15:00+01:00,2026-02-06 02:30:00+01:00,2026-02-06,2.0,1.04017,SEK,SEK/kWh
SE4,2026-02-06 02:30:00+01:00,2026-02-06 02:45:00+01:00,2026-02-06,2.0,1.03358,SEK,SEK/kWh
SE4,2026-02-06 02:45:00+01:00,2026-02-06 03:00:00+01:00,2026-02-06,2.0,1.0458,SEK,SEK/kWh
SE4,2026-02-06 03:00:00+01:00,2026-02-06 03:15:00+01:00,2026-02-06,3.0,1.02954,SEK,SEK/kWh
SE4,2026-02-06 03:15:00+01:00,2026-02-06 03:30:00+01:00,2026-02-06,3.0,1.04973,SEK,SEK/kWh
SE4,2026-02-06 03:30:00+01:00,2026-02-06 03:45:00+01:00,2026-02-06,3.0,1.04612,SEK,SEK/kWh
SE4,2026-02-06 03:45:00+01:00,2026-02-06 04:00:00+01:00,2026-02-06,3.0,1.05175,SEK,SEK/kWh
SE4,2026-02-06 04:00:00+01:00,2026-02-06 04:15:00+01:00,2026-02-06,4.0,1.02115,SEK,SEK/kWh
SE4,2026-02-06 04:15:00+01:00,2026-02-06 04:30:00+01:00,2026-02-06,4.0,1.03634,SEK,SEK/kWh
SE4,2026-02-06 04:30:00+01:00,2026-02-06 04:45:00+01:00,2026-02-06,4.0,1.04304,SEK,SEK/kWh
SE4,2026-02-06 04:45:00+01:00,2026-02-06 05:00:00+01:00,2026-02-06,4.0,1.06163,SEK,SEK/kWh
SE4,2026-02-06 05:00:00+01:00,2026-02-06 05:15:00+01:00,2026-02-06,5.0,1.04697,SEK,SEK/kWh
SE4,2026-02-06 05:15:00+01:00,2026-02-06 05:30:00+01:00,2026-02-06,5.0,1.06599,SEK,SEK/kWh
SE4,2026-02-06 05:30:00+01:00,2026-02-06 05:45:00+01:00,2026-02-06,5.0,1.09181,SEK,SEK/kWh
SE4,2026-02-06 05:45:00+01:00,2026-02-06 06:00:00+01:00,2026-02-06,5.0,1.14016,SEK,SEK/kWh
SE4,2026-02-06 06:00:00+01:00,2026-02-06 06:15:00+01:00,2026-02-06,6.0,1.07523,SEK,SEK/kWh
SE4,2026-02-06 06:15:00+01:00,2026-02-06 06:30:00+01:00,2026-02-06,6.0,1.10477,SEK,SEK/kWh
SE4,2026-02-06 06:30:00+01:00,2026-02-06 06:45:00+01:00,2026-02-06,6.0,1.15546,SEK,SEK/kWh
SE4,2026-02-06 06:45:00+01:00,2026-02-06 07:00:00+01:00,2026-02-06,6.0,1.23409,SEK,SEK/kWh
SE4,2026-02-06 07:00:00+01:00,2026-02-06 07:15:00+01:00,2026-02-06,7.0,1.2292,SEK,SEK/kWh
SE4,2026-02-06 07:15:00+01:00,2026-02-06 07:30:00+01:00,2026-02-06,7.0,1.3277,SEK,SEK/kWh
SE4,2026-02-06 07:30:00+01:00,2026-02-06 07:45:00+01:00,2026-02-06,7.0,1.4635,SEK,SEK/kWh
SE4,2026-02-06 07:45:00+01:00,2026-02-06 08:00:00+01:00,2026-02-06,7.0,1.51589,SEK,SEK/kWh
SE4,2026-02-06 08:00:00+01:00,2026-02-06 08:15:00+01:00,2026-02-06,8.0,1.45022,SEK,SEK/kWh
SE4,2026-02-06 08:15:00+01:00,2026-02-06 08:30:00+01:00,2026-02-06,8.0,1.52503,SEK,SEK/kWh
SE4,2026-02-06 08:30:00+01:00,2026-02-06 08:45:00+01:00,2026-02-06,8.0,1.55234,SEK,SEK/kWh
SE4,2026-02-06 08:45:00+01:00,2026-02-06 09:00:00+01:00,2026-02-06,8.0,1.56413,SEK,SEK/kWh
SE4,2026-02-06 09:00:00+01:00,2026-02-06 09:15:00+01:00,2026-02-06,9.0,1.57391,SEK,SEK/kWh
SE4,2026-02-06 09:15:00+01:00,2026-02-06 09:30:00+01:00,2026-02-06,9.0,1.57242,SEK,SEK/kWh
SE4,2026-02-06 09:30:00+01:00,2026-02-06 09:45:00+01:00,2026-02-06,9.0,1.50569,SEK,SEK/kWh
SE4,2026-02-06 09:45:00+01:00,2026-02-06 10:00:00+01:00,2026-02-06,9.0,1.47668,SEK,SEK/kWh
SE4,2026-02-06 10:00:00+01:00,2026-02-06 10:15:00+01:00,2026-02-06,10.0,1.57316,SEK,SEK/kWh
SE4,2026-02-06 10:15:00+01:00,2026-02-06 10:30:00+01:00,2026-02-06,10.0,1.52566,SEK,SEK/kWh
SE4,2026-02-06 10:30:00+01:00,2026-02-06 10:45:00+01:00,2026-02-06,10.0,1.48794,SEK,SEK/kWh
SE4,2026-02-06 10:45:00+01:00,2026-02-06 11:00:00+01:00,2026-02-06,10.0,1.45235,SEK,SEK/kWh
SE4,2026-02-06 11:00:00+01:00,2026-02-06 11:15:00+01:00,2026-02-06,11.0,1.52641,SEK,SEK/kWh
SE4,2026-02-06 11:15:00+01:00,2026-02-06 11:30:00+01:00,2026-02-06,11.0,1.50016,SEK,SEK/kWh
SE4,2026-02-06 11:30:00+01:00,2026-02-06 11:45:00+01:00,2026-02-06,11.0,1.46382,SEK,SEK/kWh
SE4,2026-02-06 11:45:00+01:00,2026-02-06 12:00:00+01:00,2026-02-06,11.0,1.40602,SEK,SEK/kWh
SE4,2026-02-06 12:00:00+01:00,2026-02-06 12:15:00+01:00,2026-02-06,12.0,1.43949,SEK,SEK/kWh
SE4,2026-02-06 12:15:00+01:00,2026-02-06 12:30:00+01:00,2026-02-06,12.0,1.40357,SEK,SEK/kWh
SE4,2026-02-06 12:30:00+01:00,2026-02-06 12:45:00+01:00,2026-02-06,12.0,1.41749,SEK,SEK/kWh
SE4,2026-02-06 12:45:00+01:00,2026-02-06 13:00:00+01:00,2026-02-06,12.0,1.36447,SEK,SEK/kWh
SE4,2026-02-06 13:00:00+01:00,2026-02-06 13:15:00+01:00,2026-02-06,13.0,1.42865,SEK,SEK/kWh
SE4,2026-02-06 13:15:00+01:00,2026-02-06 13:30:00+01:00,2026-02-06,13.0,1.39911,SEK,SEK/kWh
SE4,2026-02-06 13:30:00+01:00,2026-02-06 13:45:00+01:00,2026-02-06,13.0,1.35979,SEK,SEK/kWh
SE4,2026-02-06 13:45:00+01:00,2026-02-06 14:00:00+01:00,2026-02-06,13.0,1.30252,SEK,SEK/kWh
SE4,2026-02-06 14:00:00+01:00,2026-02-06 14:15:00+01:00,2026-02-06,14.0,1.25396,SEK,SEK/kWh
SE4,2026-02-06 14:15:00+01:00,2026-02-06 14:30:00+01:00,2026-02-06,14.0,1.24344,SEK,SEK/kWh
SE4,2026-02-06 14:30:00+01:00,2026-02-06 14:45:00+01:00,2026-02-06,14.0,1.28786,SEK,SEK/kWh
SE4,2026-02-06 14:45:00+01:00,2026-02-06 15:00:00+01:00,2026-02-06,14.0,1.33674,SEK,SEK/kWh
SE4,2026-02-06 15:00:00+01:00,2026-02-06 15:15:00+01:00,2026-02-06,15.0,1.2258,SEK,SEK/kWh
SE4,2026-02-06 15:15:00+01:00,2026-02-06 15:30:00+01:00,2026-02-06,15.0,1.27649,SEK,SEK/kWh
SE4,2026-02-06 15:30:00+01:00,2026-02-06 15:45:00+01:00,2026-02-06,15.0,1.32547,SEK,SEK/kWh
SE4,2026-02-06 15:45:00+01:00,2026-02-06 16:00:00+01:00,2026-02-06,15.0,1.34407,SEK,SEK/kWh
SE4,2026-02-06 16:00:00+01:00,2026-02-06 16:15:00+01:00,2026-02-06,16.0,1.25385,SEK,SEK/kWh
SE4,2026-02-06 16:15:00+01:00,2026-02-06 16:30:00+01:00,2026-02-06,16.0,1.29062,SEK,SEK/kWh
SE4,2026-02-06 16:30:00+01:00,2026-02-06 16:45:00+01:00,2026-02-06,16.0,1.3106,SEK,SEK/kWh
SE4,2026-02-06 16:45:00+01:00,2026-02-06 17:00:00+01:00,2026-02-06,16.0,1.32898,SEK,SEK/kWh
SE4,2026-02-06 17:00:00+01:00,2026-02-06 17:15:00+01:00,2026-02-06,17.0,1.28265,SEK,SEK/kWh
SE4,2026-02-06 17:15:00+01:00,2026-02-06 17:30:00+01:00,2026-02-06,17.0,1.35501,SEK,SEK/kWh
SE4,2026-02-06 17:30:00+01:00,2026-02-06 17:45:00+01:00,2026-02-06,17.0,1.39592,SEK,SEK/kWh
SE4,2026-02-06 17:45:00+01:00,2026-02-06 18:00:00+01:00,2026-02-06,17.0,1.44948,SEK,SEK/kWh
SE4,2026-02-06 18:00:00+01:00,2026-02-06 18:15:00+01:00,2026-02-06,18.0,1.40793,SEK,SEK/kWh
SE4,2026-02-06 18:15:00+01:00,2026-02-06 18:30:00+01:00,2026-02-06,18.0,1.3836,SEK,SEK/kWh
SE4,2026-02-06 18:30:00+01:00,2026-02-06 18:45:00+01:00,2026-02-06,18.0,1.2988,SEK,SEK/kWh
SE4,2026-02-06 18:45:00+01:00,2026-02-06 19:00:00+01:00,2026-02-06,18.0,1.28669,SEK,SEK/kWh
SE4,2026-02-06 19:00:00+01:00,2026-02-06 19:15:00+01:00,2026-02-06,19.0,1.32122,SEK,SEK/kWh
SE4,2026-02-06 19:15:00+01:00,2026-02-06 19:30:00+01:00,2026-02-06,19.0,1.25152,SEK,SEK/kWh
SE4,2026-02-06 19:30:00+01:00,2026-02-06 19:45:00+01:00,2026-02-06,19.0,1.23993,SEK,SEK/kWh
SE4,2026-02-06 19:45:00+01:00,2026-02-06 20:00:00+01:00,2026-02-06,19.0,1.18202,SEK,SEK/kWh
SE4,2026-02-06 20:00:00+01:00,2026-02-06 20:15:00+01:00,2026-02-06,20.0,1.20753,SEK,SEK/kWh
SE4,2026-02-06 20:15:00+01:00,2026-02-06 20:30:00+01:00,2026-02-06,20.0,1.14505,SEK,SEK/kWh
SE4,2026-02-06 20:30:00+01:00,2026-02-06 20:45:00+01:00,2026-02-06,20.0,1.11412,SEK,SEK/kWh
SE4,2026-02-06 20:45:00+01:00,2026-02-06 21:00:00+01:00,2026-02-06,20.0,1.1053,SEK,SEK/kWh
SE4,2026-02-06 21:00:00+01:00,2026-02-06 21:15:00+01:00,2026-02-06,21.0,1.15227,SEK,SEK/kWh
SE4,2026-02-06 21:15:00+01:00,2026-02-06 21:30:00+01:00,2026-02-06,21.0,1.12836,SEK,SEK/kWh
SE4,2026-02-06 21:30:00+01:00,2026-02-06 21:45:00+01:00,2026-02-06,21.0,1.10392,SEK,SEK/kWh
SE4,2026-02-06 21:45:00+01:00,2026-02-06 22:00:00+01:00,2026-02-06,21.0,1.08437,SEK,SEK/kWh
SE4,2026-02-06 22:00:00+01:00,2026-02-06 22:15:00+01:00,2026-02-06,22.0,1.11147,SEK,SEK/kWh
SE4,2026-02-06 22:15:00+01:00,2026-02-06 22:30:00+01:00,2026-02-06,22.0,1.09829,SEK,SEK/kWh
SE4,2026-02-06 22:30:00+01:00,2026-02-06 22:45:00+01:00,2026-02-06,22.0,1.08841,SEK,SEK/kWh
SE4,2026-02-06 22:45:00+01:00,2026-02-06 23:00:00+01:00,2026-02-06,22.0,1.08001,SEK,SEK/kWh
SE4,2026-02-06 23:00:00+01:00,2026-02-06 23:15:00+01:00,2026-02-06,23.0,1.08777,SEK,SEK/kWh
SE4,2026-02-06 23:15:00+01:00,2026-02-06 23:30:00+01:00,2026-02-06,23.0,1.07332,SEK,SEK/kWh
SE4,2026-02-06 23:30:00+01:00,2026-02-06 23:45:00+01:00,2026-02-06,23.0,1.06333,SEK,SEK/kWh
SE4,2026-02-06 23:45:00+01:00,2026-02-07 00:00:00+01:00,2026-02-06,23.0,1.02848,SEK,SEK/kWh
SE4,2026-02-07 00:00:00+01:00,2026-02-07 00:15:00+01:00,2026-02-07,0.0,1.10546,SEK,SEK/kWh
SE4,2026-02-07 00:15:00+01:00,2026-02-07 00:30:00+01:00,2026-02-07,0.0,1.08765,SEK,SEK/kWh
SE4,2026-02-07 00:30:00+01:00,2026-02-07 00:45:00+01:00,2026-02-07,0.0,1.0724,SEK,SEK/kWh
SE4,2026-02-07 00:45:00+01:00,2026-02-07 01:00:00+01:00,2026-02-07,0.0,1.06503,SEK,SEK/kWh
SE4,2026-02-07 01:00:00+01:00,2026-02-07 01:15:00+01:00,2026-02-07,1.0,1.06941,SEK,SEK/kWh
SE4,2026-02-07 01:15:00+01:00,2026-02-07 01:30:00+01:00,2026-02-07,1.0,1.05373,SEK,SEK/kWh
SE4,2026-02-07 01:30:00+01:00,2026-02-07 01:45:00+01:00,2026-02-07,1.0,1.07421,SEK,SEK/kWh
SE4,2026-02-07 01:45:00+01:00,2026-02-07 02:00:00+01:00,2026-02-07,1.0,1.06962,SEK,SEK/kWh
SE4,2026-02-07 02:00:00+01:00,2026-02-07 02:15:00+01:00,2026-02-07,2.0,1.06855,SEK,SEK/kWh
SE4,2026-02-07 02:15:00+01:00,2026-02-07 02:30:00+01:00,2026-02-07,2.0,1.06045,SEK,SEK/kWh
SE4,2026-02-07 02:30:00+01:00,2026-02-07 02:45:00+01:00,2026-02-07,2.0,1.03357,SEK,SEK/kWh
SE4,2026-02-07 02:45:00+01:00,2026-02-07 03:00:00+01:00,2026-02-07,2.0,1.02108,SEK,SEK/kWh
SE4,2026-02-07 03:00:00+01:00,2026-02-07 03:15:00+01:00,2026-02-07,3.0,1.04807,SEK,SEK/kWh
SE4,2026-02-07 03:15:00+01:00,2026-02-07 03:30:00+01:00,2026-02-07,3.0,1.02941,SEK,SEK/kWh
SE4,2026-02-07 03:30:00+01:00,2026-02-07 03:45:00+01:00,2026-02-07,3.0,1.03805,SEK,SEK/kWh
SE4,2026-02-07 03:45:00+01:00,2026-02-07 04:00:00+01:00,2026-02-07,3.0,1.0182,SEK,SEK/kWh
SE4,2026-02-07 04:00:00+01:00,2026-02-07 04:15:00+01:00,2026-02-07,4.0,1.02258,SEK,SEK/kWh
SE4,2026-02-07 04:15:00+01:00,2026-02-07 04:30:00+01:00,2026-02-07,4.0,1.03026,SEK,SEK/kWh
SE4,2026-02-07 04:30:00+01:00,2026-02-07 04:45:00+01:00,2026-02-07,4.0,1.03261,SEK,SEK/kWh
SE4,2026-02-07 04:45:00+01:00,2026-02-07 05:00:00+01:00,2026-02-07,4.0,1.0277,SEK,SEK/kWh
SE4,2026-02-07 05:00:00+01:00,2026-02-07 05:15:00+01:00,2026-02-07,5.0,1.00882,SEK,SEK/kWh
SE4,2026-02-07 05:15:00+01:00,2026-02-07 05:30:00+01:00,2026-02-07,5.0,1.0277,SEK,SEK/kWh
SE4,2026-02-07 05:30:00+01:00,2026-02-07 05:45:00+01:00,2026-02-07,5.0,1.03197,SEK,SEK/kWh
SE4,2026-02-07 05:45:00+01:00,2026-02-07 06:00:00+01:00,2026-02-07,5.0,1.04562,SEK,SEK/kWh
SE4,2026-02-07 06:00:00+01:00,2026-02-07 06:15:00+01:00,2026-02-07,6.0,0.97319,SEK,SEK/kWh
SE4,2026-02-07 06:15:00+01:00,2026-02-07 06:30:00+01:00,2026-02-07,6.0,1.02375,SEK,SEK/kWh
SE4,2026-02-07 06:30:00+01:00,2026-02-07 06:45:00+01:00,2026-02-07,6.0,1.05575,SEK,SEK/kWh
SE4,2026-02-07 06:45:00+01:00,2026-02-07 07:00:00+01:00,2026-02-07,6.0,1.07634,SEK,SEK/kWh
SE4,2026-02-07 07:00:00+01:00,2026-02-07 07:15:00+01:00,2026-02-07,7.0,1.06973,SEK,SEK/kWh
SE4,2026-02-07 07:15:00+01:00,2026-02-07 07:30:00+01:00,2026-02-07,7.0,1.09224,SEK,SEK/kWh
SE4,2026-02-07 07:30:00+01:00,2026-02-07 07:45:00+01:00,2026-02-07,7.0,1.10984,SEK,SEK/kWh
SE4,2026-02-07 07:45:00+01:00,2026-02-07 08:00:00+01:00,2026-02-07,7.0,1.12456,SEK,SEK/kWh
SE4,2026-02-07 08:00:00+01:00,2026-02-07 08:15:00+01:00,2026-02-07,8.0,1.11773,SEK,SEK/kWh
SE4,2026-02-07 08:15:00+01:00,2026-02-07 08:30:00+01:00,2026-02-07,8.0,1.14781,SEK,SEK/kWh
SE4,2026-02-07 08:30:00+01:00,2026-02-07 08:45:00+01:00,2026-02-07,8.0,1.16723,SEK,SEK/kWh
SE4,2026-02-07 08:45:00+01:00,2026-02-07 09:00:00+01:00,2026-02-07,8.0,1.16766,SEK,SEK/kWh
SE4,2026-02-07 09:00:00+01:00,2026-02-07 09:15:00+01:00,2026-02-07,9.0,1.22633,SEK,SEK/kWh
SE4,2026-02-07 09:15:00+01:00,2026-02-07 09:30:00+01:00,2026-02-07,9.0,1.17342,SEK,SEK/kWh
SE4,2026-02-07 09:30:00+01:00,2026-02-07 09:45:00+01:00,2026-02-07,9.0,1.19902,SEK,SEK/kWh
SE4,2026-02-07 09:45:00+01:00,2026-02-07 10:00:00+01:00,2026-02-07,9.0,1.16734,SEK,SEK/kWh
SE4,2026-02-07 10:00:00+01:00,2026-02-07 10:15:00+01:00,2026-02-07,10.0,1.20627,SEK,SEK/kWh
SE4,2026-02-07 10:15:00+01:00,2026-02-07 10:30:00+01:00,2026-02-07,10.0,1.16669,SEK,SEK/kWh
SE4,2026-02-07 10:30:00+01:00,2026-02-07 10:45:00+01:00,2026-02-07,10.0,1.14973,SEK,SEK/kWh
SE4,2026-02-07 10:45:00+01:00,2026-02-07 11:00:00+01:00,2026-02-07,10.0,1.13149,SEK,SEK/kWh
SE4,2026-02-07 11:00:00+01:00,2026-02-07 11:15:00+01:00,2026-02-07,11.0,1.14024,SEK,SEK/kWh
SE4,2026-02-07 11:15:00+01:00,2026-02-07 11:30:00+01:00,2026-02-07,11.0,1.12893,SEK,SEK/kWh
SE4,2026-02-07 11:30:00+01:00,2026-02-07 11:45:00+01:00,2026-02-07,11.0,1.10685,SEK,SEK/kWh
SE4,2026-02-07 11:45:00+01:00,2026-02-07 12:00:00+01:00,2026-02-07,11.0,1.08424,SEK,SEK/kWh
SE4,2026-02-07 12:00:00+01:00,2026-02-07 12:15:00+01:00,2026-02-07,12.0,1.1061,SEK,SEK/kWh
SE4,2026-02-07 12:15:00+01:00,2026-02-07 12:30:00+01:00,2026-02-07,12.0,1.07901,SEK,SEK/kWh
SE4,2026-02-07 12:30:00+01:00,2026-02-07 12:45:00+01:00,2026-02-07,12.0,1.07218,SEK,SEK/kWh
SE4,2026-02-07 12:45:00+01:00,2026-02-07 13:00:00+01:00,2026-02-07,12.0,1.06674,SEK,SEK/kWh
SE4,2026-02-07 13:00:00+01:00,2026-02-07 13:15:00+01:00,2026-02-07,13.0,1.07101,SEK,SEK/kWh
SE4,2026-02-07 13:15:00+01:00,2026-02-07 13:30:00+01:00,2026-02-07,13.0,1.06418,SEK,SEK/kWh
SE4,2026-02-07 13:30:00+01:00,2026-02-07 13:45:00+01:00,2026-02-07,13.0,1.05906,SEK,SEK/kWh
SE4,2026-02-07 13:45:00+01:00,2026-02-07 14:00:00+01:00,2026-02-07,13.0,1.06578,SEK,SEK/kWh
SE4,2026-02-07 14:00:00+01:00,2026-02-07 14:15:00+01:00,2026-02-07,14.0,1.0565,SEK,SEK/kWh
SE4,2026-02-07 14:15:00+01:00,2026-02-07 14:30:00+01:00,2026-02-07,14.0,1.06759,SEK,SEK/kWh
SE4,2026-02-07 14:30:00+01:00,2026-02-07 14:45:00+01:00,2026-02-07,14.0,1.08242,SEK,SEK/kWh
SE4,2026-02-07 14:45:00+01:00,2026-02-07 15:00:00+01:00,2026-02-07,14.0,1.11133,SEK,SEK/kWh
SE4,2026-02-07 15:00:00+01:00,2026-02-07 15:15:00+01:00,2026-02-07,15.0,1.082,SEK,SEK/kWh
SE4,2026-02-07 15:15:00+01:00,2026-02-07 15:30:00+01:00,2026-02-07,15.0,1.10525,SEK,SEK/kWh
SE4,2026-02-07 15:30:00+01:00,2026-02-07 15:45:00+01:00,2026-02-07,15.0,1.16061,SEK,SEK/kWh
SE4,2026-02-07 15:45:00+01:00,2026-02-07 16:00:00+01:00,2026-02-07,15.0,1.19027,SEK,SEK/kWh
SE4,2026-02-07 16:00:00+01:00,2026-02-07 16:15:00+01:00,2026-02-07,16.0,1.15315,SEK,SEK/kWh
SE4,2026-02-07 16:15:00+01:00,2026-02-07 16:30:00+01:00,2026-02-07,16.0,1.2163,SEK,SEK/kWh
SE4,2026-02-07 16:30:00+01:00,2026-02-07 16:45:00+01:00,2026-02-07,16.0,1.29033,SEK,SEK/kWh
SE4,2026-02-07 16:45:00+01:00,2026-02-07 17:00:00+01:00,2026-02-07,16.0,1.37482,SEK,SEK/kWh
SE4,2026-02-07 17:00:00+01:00,2026-02-07 17:15:00+01:00,2026-02-07,17.0,1.27028,SEK,SEK/kWh
SE4,2026-02-07 17:15:00+01:00,2026-02-07 17:30:00+01:00,2026-02-07,17.0,1.31775,SEK,SEK/kWh
SE4,2026-02-07 17:30:00+01:00,2026-02-07 17:45:00+01:00,2026-02-07,17.0,1.38239,SEK,SEK/kWh
SE4,2026-02-07 17:45:00+01:00,2026-02-07 18:00:00+01:00,2026-02-07,17.0,1.43903,SEK,SEK/kWh
SE4,2026-02-07 18:00:00+01:00,2026-02-07 18:15:00+01:00,2026-02-07,18.0,1.43658,SEK,SEK/kWh
SE4,2026-02-07 18:15:00+01:00,2026-02-07 18:30:00+01:00,2026-02-07,18.0,1.41983,SEK,SEK/kWh
SE4,2026-02-07 18:30:00+01:00,2026-02-07 18:45:00+01:00,2026-02-07,18.0,1.39743,SEK,SEK/kWh
SE4,2026-02-07 18:45:00+01:00,2026-02-07 19:00:00+01:00,2026-02-07,18.0,1.37386,SEK,SEK/kWh
SE4,2026-02-07 19:00:00+01:00,2026-02-07 19:15:00+01:00,2026-02-07,19.0,1.3602,SEK,SEK/kWh
SE4,2026-02-07 19:15:00+01:00,2026-02-07 19:30:00+01:00,2026-02-07,19.0,1.36756,SEK,SEK/kWh
SE4,2026-02-07 19:30:00+01:00,2026-02-07 19:45:00+01:00,2026-02-07,19.0,1.3075,SEK,SEK/kWh
SE4,2026-02-07 19:45:00+01:00,2026-02-07 20:00:00+01:00,2026-02-07,19.0,1.23145,SEK,SEK/kWh
SE4,2026-02-07 20:00:00+01:00,2026-02-07 20:15:00+01:00,2026-02-07,20.0,1.27998,SEK,SEK/kWh
SE4,2026-02-07 20:15:00+01:00,2026-02-07 20:30:00+01:00,2026-02-07,20.0,1.17715,SEK,SEK/kWh
SE4,2026-02-07 20:30:00+01:00,2026-02-07 20:45:00+01:00,2026-02-07,20.0,1.15304,SEK,SEK/kWh
SE4,2026-02-07 20:45:00+01:00,2026-02-07 21:00:00+01:00,2026-02-07,20.0,1.11784,SEK,SEK/kWh
SE4,2026-02-07 21:00:00+01:00,2026-02-07 21:15:00+01:00,2026-02-07,21.0,1.14099,SEK,SEK/kWh
SE4,2026-02-07 21:15:00+01:00,2026-02-07 21:30:00+01:00,2026-02-07,21.0,1.12381,SEK,SEK/kWh
SE4,2026-02-07 21:30:00+01:00,2026-02-07 21:45:00+01:00,2026-02-07,21.0,1.0981,SEK,SEK/kWh
SE4,2026-02-07 21:45:00+01:00,2026-02-07 22:00:00+01:00,2026-02-07,21.0,1.08189,SEK,SEK/kWh
SE4,2026-02-07 22:00:00+01:00,2026-02-07 22:15:00+01:00,2026-02-07,22.0,1.12029,SEK,SEK/kWh
SE4,2026-02-07 22:15:00+01:00,2026-02-07 22:30:00+01:00,2026-02-07,22.0,1.10813,SEK,SEK/kWh
SE4,2026-02-07 22:30:00+01:00,2026-02-07 22:45:00+01:00,2026-02-07,22.0,1.09789,SEK,SEK/kWh
SE4,2026-02-07 22:45:00+01:00,2026-02-07 23:00:00+01:00,2026-02-07,22.0,1.06621,SEK,SEK/kWh
SE4,2026-02-07 23:00:00+01:00,2026-02-07 23:15:00+01:00,2026-02-07,23.0,1.10322,SEK,SEK/kWh
SE4,2026-02-07 23:15:00+01:00,2026-02-07 23:30:00+01:00,2026-02-07,23.0,1.07186,SEK,SEK/kWh
SE4,2026-02-07 23:30:00+01:00,2026-02-07 23:45:00+01:00,2026-02-07,23.0,1.02375,SEK,SEK/kWh
SE4,2026-02-07 23:45:00+01:00,2026-02-08 00:00:00+01:00,2026-02-07,23.0,0.97617,SEK,SEK/kWh
